"","nerr","nfault","system","iteration","wasted_effort_quality_fair","wasted_effort"
"8",1,2,1,4,0,3
"20",1,2,1,10,0.666666666666667,1
"36",1,2,2,8,0.142857142857143,6
"38",1,2,2,9,0.285714285714286,5
"78",1,2,4,9,0.333333333333333,2
"82",1,2,5,1,0.388888888888889,5.5
"92",1,2,5,6,0.555555555555556,4
"128",1,2,7,4,0.55,4.5
"132",1,2,7,6,0.6,4
"178",1,2,9,9,0.625,1.5
"190",1,2,10,5,0.875,1
"196",1,2,10,8,0.4375,4.5
"272",1,2,14,6,0.5,3
"310",1,2,16,5,0.666666666666667,1
"312",1,2,16,6,0.333333333333333,2
"338",1,2,17,9,0.357142857142857,4.5
"388",1,2,20,4,0.666666666666667,1
"446",1,2,23,3,0.6,2
"478",1,2,24,9,0.666666666666667,2
"508",1,2,26,4,0.2,4
"528",1,2,27,4,0.9,1
"542",1,2,28,1,0.333333333333333,2
"586",1,2,30,3,0.666666666666667,1
"598",1,2,30,9,0.666666666666667,1
"604",1,2,31,2,0.85,1.5
"634",1,2,32,7,0.5,4
"672",1,2,34,6,0.666666666666667,1
"682",1,2,35,1,0.25,3
"728",1,2,37,4,0.5,5
"794",1,2,40,7,0.3,3.5
"836",1,2,42,8,0.8,2
"886",1,2,45,3,0.625,1.5
"950",1,2,48,5,0.8,2
"964",1,2,49,2,0.5,4.5
"978",1,2,49,9,0.5,4.5
"1004",1,2,51,2,0.888888888888889,1
"1098",1,2,55,9,0.833333333333333,1
"1134",1,2,57,7,0.125,7
"1206",1,2,61,3,0.333333333333333,2
"1318",1,2,66,9,0.222222222222222,7
"1334",1,2,67,7,0.777777777777778,2
"1346",1,2,68,3,0.583333333333333,2.5
"1374",1,2,69,7,0.55,4.5
"1434",1,2,72,7,0.75,1
"1666",1,2,84,3,0.5,2
"1674",1,2,84,7,0.75,1
"1682",1,2,85,1,0.8,2
"1692",1,2,85,6,0.9,1
"1714",1,2,86,7,0.666666666666667,1
"1834",1,2,92,7,0.666666666666667,3
"1854",1,2,93,7,0.7,3
"1924",1,2,97,2,0.857142857142857,1
"1926",1,2,97,3,0.571428571428571,3
"1960",1,2,98,10,0.75,1
"1976",1,2,99,8,0.666666666666667,1
"1996",1,2,100,8,0.625,3
"2070",2,2,4,5,0.5,2
"2130",2,2,7,5,0.75,3
"2274",2,2,14,7,0.277777777777778,6.5
"2292",2,2,15,6,0.75,1
"2308",2,2,16,4,0.75,1
"2316",2,2,16,8,0.5,2
"2422",2,2,22,1,0.857142857142857,1
"2578",2,2,29,9,0.5,6.5
"2634",2,2,32,7,0.0384615384615384,12.5
"2640",2,2,32,10,0.833333333333333,2
"2646",2,2,33,3,0.590909090909091,4.5
"2686",2,2,35,3,0.941176470588235,1
"2806",2,2,41,3,0.928571428571429,1
"2808",2,2,41,4,0.857142857142857,2
"2828",2,2,42,4,0.944444444444444,1
"3032",2,2,52,6,0.833333333333333,1
"3118",2,2,56,9,0.1,4.5
"3128",2,2,57,4,0.678571428571429,4.5
"3132",2,2,57,6,0.346153846153846,8.5
"3236",2,2,62,8,0.75,1
"3294",2,2,65,7,0.916666666666667,1
"3758",2,2,88,9,0.125,3.5
"3806",2,2,91,3,0.7,4.5
"3938",2,2,97,9,0.45,5.5
"4190",3,2,10,5,0.583333333333333,5
"4458",3,2,23,9,0.75,2
"4562",3,2,29,1,0.368421052631579,12
"5108",3,2,56,4,0.5,4
"5120",3,2,56,10,0.583333333333333,2.5
"5126",3,2,57,3,0.714285714285714,6
"5306",3,2,66,3,0.894736842105263,2
"5542",3,2,78,1,0.933333333333333,1
"5908",3,2,96,4,0.466666666666667,8
"6300",4,2,15,10,0.821428571428571,5
"6704",4,2,36,2,0.333333333333333,14
"6772",4,2,39,6,0.365384615384615,16.5
"6832",4,2,42,6,0.583333333333333,2.5
"6862",4,2,44,1,0.833333333333333,2
"7268",4,2,64,4,0.705882352941176,5
"7472",4,2,74,6,0.5625,3.5
"7742",4,2,88,1,0.046875,30.5
"7744",4,2,88,2,0.75,9
"7750",4,2,88,5,0.816666666666667,5.5
"7756",4,2,88,8,0.234375,24.5
"7762",4,2,89,1,0.648148148148148,9.5
"7936",4,2,97,8,0.318181818181818,7.5
"8204",5,2,11,2,0.55,4.5
"8208",5,2,11,4,0.545454545454545,5
"8830",5,2,42,5,0.5,3.5
"8840",5,2,42,10,0.5,4.5
"8910",5,2,46,5,0.6,10
"8942",5,2,48,1,0.8,2
"9178",5,2,59,9,0.464285714285714,7.5
"9942",5,2,98,1,0,0
"10222",6,2,12,1,0.80952380952381,4
"10248",6,2,13,4,0.5,5.5
"10762",6,2,39,1,0.92,2
"10808",6,2,41,4,0.361111111111111,11.5
"10812",6,2,41,6,0.382352941176471,10.5
"10814",6,2,41,7,0.583333333333333,7.5
"10818",6,2,41,9,0,0
"10870",6,2,44,5,0.741379310344828,7.5
"10872",6,2,44,6,0.592592592592593,11
"10874",6,2,44,7,0.46,13.5
"11102",6,2,56,1,0.692307692307692,4
"11110",6,2,56,5,0.5,6.5
"11112",6,2,56,6,0.714285714285714,4
"11120",6,2,56,10,0.458333333333333,6.5
"11146",6,2,58,3,0,0
"11460",6,2,73,10,0.7,3
"11942",6,2,98,1,0.857142857142857,4
"11948",6,2,98,4,0.785714285714286,7.5
"12054",7,2,3,7,0.467741935483871,16.5
"12108",7,2,6,4,0,0
"12118",7,2,6,9,0,0
"12368",7,2,19,4,0.5,8
"12374",7,2,19,7,0.423076923076923,7.5
"12380",7,2,19,10,0.5,6.5
"12738",7,2,37,9,0.925925925925926,2
"12866",7,2,44,3,0.859375,4.5
"12868",7,2,44,4,0.742857142857143,9
"12870",7,2,44,5,0.264705882352941,25
"12880",7,2,44,10,0,0
"12964",7,2,49,2,0.736842105263158,5
"13118",7,2,56,9,0.519230769230769,12.5
"13246",7,2,63,3,0.425925925925926,15.5
"13248",7,2,63,4,0.725806451612903,8.5
"13422",7,2,72,1,0.147058823529412,14.5
"13434",7,2,72,7,0.5,7.5
"13438",7,2,72,9,0,0
"13768",7,2,89,4,0.485714285714286,18
"13772",7,2,89,6,0.544117647058824,15.5
"13780",7,2,89,10,0.882352941176471,4
"13896",7,2,95,8,0.907407407407407,2.5
"14250",8,2,13,5,0.967391304347826,1.5
"14252",8,2,13,6,0.969387755102041,1.5
"14260",8,2,13,10,0.684782608695652,14.5
"14450",8,2,23,5,0.704545454545455,13
"14856",8,2,43,8,0.192307692307692,10.5
"15380",8,2,69,10,0.8125,3
"15982",8,2,100,1,0.810344827586207,5.5
"15988",8,2,100,4,0.655172413793103,10
"15996",8,2,100,8,0.5,15
"15998",8,2,100,9,0.833333333333333,4.5
"16124",9,2,7,2,0,0
"16138",9,2,7,9,0.9625,1.5
"16140",9,2,7,10,0,0
"16348",9,2,18,4,0,0
"16350",9,2,18,5,0.274193548387097,22.5
"16360",9,2,18,10,0,0
"16590",9,2,30,5,0.932432432432432,2.5
"17084",9,2,55,2,0.181818181818182,9
"17088",9,2,55,4,0.6,4
"17096",9,2,55,8,0.208333333333333,9.5
"17098",9,2,55,9,0.576923076923077,5.5
"18018",1,3,1,9,0.75,1.5
"18042",1,3,3,1,0.666666666666667,2
"18046",1,3,3,3,0.666666666666667,2
"18048",1,3,3,4,0.0833333333333334,5.5
"18068",1,3,4,4,0.5,5
"18072",1,3,4,6,0.7,3
"18090",1,3,5,5,0.75,2.5
"18098",1,3,5,9,0.4,6
"18108",1,3,6,4,0.375,5
"18132",1,3,7,6,0.714285714285714,2
"18136",1,3,7,8,0.625,3
"18164",1,3,9,2,0.857142857142857,1
"18176",1,3,9,8,0.285714285714286,5
"18180",1,3,9,10,0.428571428571429,4
"18200",1,3,10,10,0.8,2
"18228",1,3,12,4,0.333333333333333,2
"18250",1,3,13,5,0.875,1
"18254",1,3,13,7,0.875,1
"18284",1,3,15,2,0.3125,5.5
"18288",1,3,15,4,0.75,2
"18312",1,3,16,6,0.4,3
"18350",1,3,18,5,0.666666666666667,2
"18362",1,3,19,1,0.5625,3.5
"18372",1,3,19,6,0.75,2
"18376",1,3,19,8,0.75,2
"18388",1,3,20,4,0.9,1
"18434",1,3,22,7,0.5625,3.5
"18498",1,3,25,9,0.9,1
"18552",1,3,28,6,0.8,2
"18560",1,3,28,10,0.2,8
"18608",1,3,31,4,0.875,1
"18614",1,3,31,7,0.875,1
"18616",1,3,31,8,0.6875,2.5
"18622",1,3,32,1,0.666666666666667,3
"18628",1,3,32,4,0.5,4
"18640",1,3,32,10,0.666666666666667,3
"18712",1,3,36,6,0.333333333333333,4
"18714",1,3,36,7,0.666666666666667,2
"18740",1,3,37,10,0.625,1.5
"18756",1,3,38,8,0.142857142857143,6
"18784",1,3,40,2,0.875,1
"18788",1,3,40,4,0.3125,5.5
"18800",1,3,40,10,0.8125,1.5
"18802",1,3,41,1,0.555555555555556,4
"18838",1,3,42,9,0.1875,6.5
"18846",1,3,43,3,0.428571428571429,4
"18862",1,3,44,1,0.85,1.5
"18872",1,3,44,6,0.7,3
"18886",1,3,45,3,0.125,7
"18892",1,3,45,6,0.125,7
"18898",1,3,45,9,0.5,4
"18902",1,3,46,1,0.25,6
"18908",1,3,46,4,0.8125,1.5
"18926",1,3,47,3,0.333333333333333,2
"18928",1,3,47,4,0.666666666666667,1
"18940",1,3,47,10,0.333333333333333,2
"18956",1,3,48,8,0.6,2
"18964",1,3,49,2,0.428571428571429,4
"18966",1,3,49,3,0.142857142857143,6
"18992",1,3,50,6,0.15,8.5
"18998",1,3,50,9,0.8,2
"19034",1,3,52,7,0.428571428571429,4
"19038",1,3,52,9,0.428571428571429,4
"19058",1,3,53,9,0.357142857142857,4.5
"19062",1,3,54,1,0.125,7
"19082",1,3,55,1,0.722222222222222,2.5
"19086",1,3,55,3,0.833333333333333,1.5
"19108",1,3,56,4,0.5,2
"19126",1,3,57,3,0.7,3
"19128",1,3,57,4,0.85,1.5
"19146",1,3,58,3,0.333333333333333,4
"19148",1,3,58,4,0.5,3
"19168",1,3,59,4,0.75,1
"19202",1,3,61,1,0.5,4.5
"19238",1,3,62,9,0.857142857142857,1
"19246",1,3,63,3,0.5,3
"19278",1,3,64,9,0.611111111111111,3.5
"19296",1,3,65,8,0.75,1
"19304",1,3,66,2,0.333333333333333,2
"19334",1,3,67,7,0.5,4
"19346",1,3,68,3,0.6,4
"19356",1,3,68,8,0.6,4
"19362",1,3,69,1,0.214285714285714,5.5
"19380",1,3,69,10,0.285714285714286,5
"19388",1,3,70,4,0.666666666666667,2
"19392",1,3,70,6,0.583333333333333,2.5
"19404",1,3,71,2,0.666666666666667,1
"19422",1,3,72,1,0.666666666666667,1
"19430",1,3,72,5,0.5,1.5
"19492",1,3,75,6,0.625,3
"19526",1,3,77,3,0.6,2
"19554",1,3,78,7,0,4
"19560",1,3,78,10,0.5,2
"19600",1,3,80,10,0.375,2.5
"19666",1,3,84,3,0.5,2
"19668",1,3,84,4,0.5,2
"19678",1,3,84,9,0.75,1
"19680",1,3,84,10,0.75,1
"19684",1,3,85,2,0.428571428571429,4
"19690",1,3,85,5,0.857142857142857,1
"19694",1,3,85,7,0.571428571428571,3
"19708",1,3,86,4,0.888888888888889,1
"19728",1,3,87,4,0.5625,3.5
"19820",1,3,91,10,0.25,3
"19852",1,3,93,6,0.857142857142857,1
"19862",1,3,94,1,0.666666666666667,3
"19886",1,3,95,3,0.25,6
"19892",1,3,95,6,0,8
"19924",1,3,97,2,0.8,1
"19946",1,3,98,3,0.5,2.5
"19950",1,3,98,5,0.6,2
"19966",1,3,99,3,0.666666666666667,3
"19984",1,3,100,2,0.666666666666667,1
"19998",1,3,100,9,0.666666666666667,1
"20178",2,3,9,9,0.722222222222222,5
"20182",2,3,10,1,0.947368421052632,1
"20264",2,3,14,2,0.888888888888889,1
"20282",2,3,15,1,0.65,3.5
"20300",2,3,15,10,0.5,5.5
"20326",2,3,17,3,0.590909090909091,4.5
"20428",2,3,22,4,0.423076923076923,7.5
"20532",2,3,27,6,0.818181818181818,2
"20550",2,3,28,5,0.5,8.5
"20552",2,3,28,6,0.53125,7.5
"20632",2,3,32,6,0.8,1
"20698",2,3,35,9,0.214285714285714,5.5
"20706",2,3,36,3,0.45,5.5
"20712",2,3,36,6,0.25,7.5
"20804",2,3,41,2,0.928571428571429,1
"20820",2,3,41,10,0.833333333333333,3
"20826",2,3,42,3,0.0909090909090909,10
"20840",2,3,42,10,0.888888888888889,1
"20856",2,3,43,8,0.545454545454545,5
"20866",2,3,44,3,0.833333333333333,3
"20974",2,3,49,7,0.375,7.5
"20990",2,3,50,5,0.583333333333333,7.5
"21056",2,3,53,8,0.615384615384615,5
"21072",2,3,54,6,0.321428571428571,9.5
"21080",2,3,54,10,0.346153846153846,8.5
"21102",2,3,56,1,0.2,4
"21106",2,3,56,3,0.416666666666667,3.5
"21124",2,3,57,2,0.933333333333333,1
"21196",2,3,60,8,0.375,7.5
"21252",2,3,63,6,0.909090909090909,1
"21304",2,3,66,2,0.125,3.5
"21336",2,3,67,8,0.346153846153846,8.5
"21392",2,3,70,6,0.35,6.5
"21454",2,3,73,7,0.666666666666667,1
"21476",2,3,74,8,0.111111111111111,8
"21478",2,3,74,9,0.666666666666667,3
"21524",2,3,77,2,0.857142857142857,1
"21534",2,3,77,7,0.375,5
"21536",2,3,77,8,0.875,1
"21548",2,3,78,4,0.857142857142857,1
"21576",2,3,79,8,0.5,3.5
"21604",2,3,81,2,0.375,5
"21630",2,3,82,5,0.9375,1
"21686",2,3,85,3,0.75,3
"21716",2,3,86,8,0.615384615384615,5
"21718",2,3,86,9,0.533333333333333,7
"21778",2,3,89,9,0.192307692307692,10.5
"21824",2,3,92,2,0.535714285714286,6.5
"21884",2,3,95,2,0.933333333333333,1
"21974",2,3,99,7,0.882352941176471,2
"22060",3,3,3,10,0.9,1
"22090",3,3,5,5,0.947368421052632,1
"22142",3,3,8,1,0.125,7
"22144",3,3,8,2,0.125,7
"22196",3,3,10,8,0.857142857142857,3
"22212",3,3,11,6,0.882352941176471,2
"22270",3,3,14,5,0.2,4
"22276",3,3,14,8,0.0833333333333334,5.5
"22330",3,3,17,5,0.0555555555555556,17
"22370",3,3,19,5,0.5,7
"22428",3,3,22,4,0.5,3
"22504",3,3,26,2,0.125,3.5
"22566",3,3,29,3,0.444444444444444,5
"22624",3,3,32,2,0.75,2
"22720",3,3,36,10,0.266666666666667,11
"22752",3,3,38,6,0.375,7.5
"22762",3,3,39,1,0.583333333333333,2.5
"22764",3,3,39,2,0.166666666666667,5
"22770",3,3,39,5,0.125,3.5
"22774",3,3,39,7,0.142857142857143,6
"22780",3,3,39,10,0.142857142857143,6
"22792",3,3,40,6,0.666666666666667,5
"22796",3,3,40,8,0.653846153846154,4.5
"22798",3,3,40,9,0.791666666666667,2.5
"22866",3,3,44,3,0.8125,3
"22974",3,3,49,7,0.675,6.5
"22994",3,3,50,7,0,0
"23038",3,3,52,9,0.375,12.5
"23042",3,3,53,1,0.34375,10.5
"23064",3,3,54,2,0.5,10
"23070",3,3,54,5,0.222222222222222,14
"23076",3,3,54,8,0.210526315789474,15
"23104",3,3,56,2,0.416666666666667,3.5
"23282",3,3,65,1,0.125,3.5
"23312",3,3,66,6,0.4,3
"23332",3,3,67,6,0.210526315789474,15
"23334",3,3,67,7,0.590909090909091,9
"23342",3,3,68,1,0.41304347826087,13.5
"23346",3,3,68,3,0.454545454545455,12
"23362",3,3,69,1,0.0625,15
"23386",3,3,70,3,0.526315789473684,9
"23398",3,3,70,9,0.235294117647059,13
"23434",3,3,72,7,0.733333333333333,4
"23490",3,3,75,5,0.538461538461538,6
"23514",3,3,76,7,0.0833333333333334,5.5
"23528",3,3,77,4,0.8125,1.5
"23546",3,3,78,3,0.857142857142857,1
"23548",3,3,78,4,0,0
"23578",3,3,79,9,0.8,2
"23594",3,3,80,7,0.8125,1.5
"23598",3,3,80,9,0.5,3.5
"23610",3,3,81,5,0.55,9
"23720",3,3,86,10,0.633333333333333,5.5
"23758",3,3,88,9,0.80952380952381,4
"23780",3,3,89,10,0.416666666666667,14
"23802",3,3,91,1,0.1,4.5
"23804",3,3,91,2,0.5,3.5
"23970",3,3,99,5,0.368421052631579,12
"24014",4,3,1,7,0.5,5
"24024",4,3,2,2,0.785714285714286,3
"24106",4,3,6,3,0.277777777777778,6.5
"24116",4,3,6,8,0.272727272727273,8
"24142",4,3,8,1,0.555555555555556,4
"24176",4,3,9,8,0.907407407407407,2.5
"24192",4,3,10,6,0.475,10.5
"24196",4,3,10,8,0.366666666666667,9.5
"24198",4,3,10,9,0.947368421052632,1
"24202",4,3,11,1,0.0882352941176471,15.5
"24206",4,3,11,3,0.611111111111111,7
"24210",4,3,11,5,0.638888888888889,6.5
"24218",4,3,11,9,0.777777777777778,4
"24222",4,3,12,1,0.375,7.5
"24228",4,3,12,4,0.107142857142857,12.5
"24230",4,3,12,5,0.09375,14.5
"24232",4,3,12,6,0.321428571428571,9.5
"24234",4,3,12,7,0.333333333333333,8
"24236",4,3,12,8,0.384615384615385,8
"24240",4,3,12,10,0.785714285714286,3
"24248",4,3,13,4,0.160714285714286,23.5
"24256",4,3,13,8,0.604166666666667,9.5
"24280",4,3,14,10,0.571428571428571,3
"24298",4,3,15,9,0.875,2
"24330",4,3,17,5,0.227272727272727,8.5
"24332",4,3,17,6,0.307692307692308,9
"24380",4,3,19,10,0.9,3
"24474",4,3,24,7,0.964285714285714,1
"24574",4,3,29,7,0.58695652173913,9.5
"24594",4,3,30,7,0.0833333333333334,5.5
"24620",4,3,31,10,0.894736842105263,2
"24668",4,3,34,4,0.590909090909091,4.5
"24768",4,3,39,4,0.142857142857143,6
"24772",4,3,39,6,0,0
"24788",4,3,40,4,0.785714285714286,3
"24850",4,3,43,5,0.894736842105263,2
"24884",4,3,45,2,0.4375,4.5
"24908",4,3,46,4,0.125,10.5
"24910",4,3,46,5,0.15,8.5
"24912",4,3,46,6,0.454545454545455,6
"24914",4,3,46,7,0.125,10.5
"24916",4,3,46,8,0.35,6.5
"24920",4,3,46,10,0.125,10.5
"24996",4,3,50,8,0,0
"25006",4,3,51,3,0.590909090909091,9
"25052",4,3,53,6,0.3,3.5
"25090",4,3,55,5,0.660714285714286,9.5
"25198",4,3,60,9,0.45,5.5
"25272",4,3,64,6,0.306451612903226,21.5
"25318",4,3,66,9,0.166666666666667,5
"25354",4,3,68,7,0.825,3.5
"25380",4,3,69,10,0.816666666666667,5.5
"25382",4,3,70,1,0.366666666666667,9.5
"25386",4,3,70,3,0.533333333333333,7
"25400",4,3,70,10,0.1,13.5
"25404",4,3,71,2,0.4,6
"25412",4,3,71,6,0.7,3
"25492",4,3,75,6,0.25,6
"25508",4,3,76,4,0.5,3.5
"25540",4,3,77,10,0.625,6
"25676",4,3,84,8,0.613636363636364,8.5
"25804",4,3,91,2,0.125,7
"25808",4,3,91,4,0.625,3
"25864",4,3,94,2,0.428571428571429,8
"25872",4,3,94,6,0.866666666666667,2
"25904",4,3,96,2,0.520833333333333,11.5
"25926",4,3,97,3,0.71875,4.5
"25946",4,3,98,3,0.815789473684211,3.5
"25962",4,3,99,1,0.233333333333333,11.5
"25986",4,3,100,3,0.5,3.5
"26002",5,3,1,1,0.709677419354839,9
"26026",5,3,2,3,0.666666666666667,2
"26090",5,3,5,5,0.5625,10.5
"26158",5,3,8,9,0.265625,23.5
"26174",5,3,9,7,0.59375,13
"26238",5,3,12,9,0,0
"26264",5,3,14,2,0.590909090909091,4.5
"26266",5,3,14,3,0.15,8.5
"26332",5,3,17,6,0.933333333333333,1
"26428",5,3,22,4,0.625,12
"26442",5,3,23,1,0.454545454545455,18
"26444",5,3,23,2,0.0526315789473685,36
"26452",5,3,23,6,0.439393939393939,18.5
"26454",5,3,23,7,0.242857142857143,26.5
"26456",5,3,23,8,0.25,24
"26458",5,3,23,9,0.484848484848485,17
"26504",5,3,26,2,0.875,1
"26536",5,3,27,8,0.882352941176471,2
"26540",5,3,27,10,0.611111111111111,7
"26550",5,3,28,5,0.956521739130435,1
"26692",5,3,35,6,0,0
"26710",5,3,36,5,0.1,18
"26774",5,3,39,7,0.555555555555556,4
"26860",5,3,43,10,0.760869565217391,5.5
"26902",5,3,46,1,0.888888888888889,1
"27060",5,3,53,10,0,0
"27088",5,3,55,4,0.431818181818182,12.5
"27166",5,3,59,3,0.777777777777778,4
"27186",5,3,60,3,0.166666666666667,10
"27202",5,3,61,1,0.71875,9
"27210",5,3,61,5,0.666666666666667,11
"27214",5,3,61,7,0.939393939393939,2
"27224",5,3,62,2,0.545454545454545,5
"27240",5,3,62,10,0.15,8.5
"27324",5,3,67,2,0.75,7.5
"27518",5,3,76,9,0.357142857142857,4.5
"27580",5,3,79,10,0.685185185185185,8.5
"27586",5,3,80,3,0.625,7.5
"27608",5,3,81,4,0.7,4.5
"27612",5,3,81,6,0.75,3
"27666",5,3,84,3,0.285714285714286,10
"27764",5,3,89,2,0.541666666666667,5.5
"27766",5,3,89,3,0,0
"27768",5,3,89,4,0.346153846153846,8.5
"27780",5,3,89,10,0.708333333333333,3.5
"27784",5,3,90,2,0.862068965517241,4
"27802",5,3,91,1,0.214285714285714,5.5
"27812",5,3,91,6,0.6875,2.5
"27842",5,3,93,1,0.53125,15
"27854",5,3,93,7,0.6,10
"27856",5,3,93,8,0.482142857142857,14.5
"27860",5,3,93,10,0.34375,21
"27886",5,3,95,3,0.9,3.5
"27950",5,3,98,5,0.409090909090909,13
"27952",5,3,98,6,0.80952380952381,4
"28010",6,3,1,5,0.302631578947368,26.5
"28092",6,3,5,6,0.25,4.5
"28114",6,3,6,7,0,0
"28166",6,3,9,3,0.586206896551724,12
"28224",6,3,12,2,0.636363636363636,4
"28236",6,3,12,8,0.555555555555556,4
"28238",6,3,12,9,0.3,7
"28242",6,3,13,1,0.833333333333333,3
"28246",6,3,13,3,0.676470588235294,5.5
"28248",6,3,13,4,0.8,4
"28256",6,3,13,8,0.3125,11
"28362",6,3,19,1,0.454545454545455,12
"28404",6,3,21,2,0.92,2
"28418",6,3,21,9,0.759259259259259,6.5
"28612",6,3,31,6,0.691176470588235,10.5
"28620",6,3,31,10,0.803030303030303,6.5
"28640",6,3,32,10,0.653846153846154,9
"28794",6,3,40,7,0.893939393939394,3.5
"28838",6,3,42,9,0,0
"28850",6,3,43,5,0,0
"28852",6,3,43,6,0.568965517241379,12.5
"28882",6,3,45,1,0.444444444444444,20
"28886",6,3,45,3,0.296875,22.5
"28890",6,3,45,5,0.797297297297297,7.5
"28894",6,3,45,7,0.897058823529412,3.5
"28898",6,3,45,9,0.888888888888889,4
"28916",6,3,46,8,0.325,13.5
"28946",6,3,48,3,0.871794871794872,5
"29076",6,3,54,8,0,0
"29202",6,3,61,1,0.833333333333333,3.5
"29214",6,3,61,7,0.363636363636364,14
"29216",6,3,61,8,0.525,9.5
"29232",6,3,62,6,0.9,1
"29298",6,3,65,9,0.633333333333333,5.5
"29350",6,3,68,5,0.4,9
"29392",6,3,70,6,0.46551724137931,15.5
"29400",6,3,70,10,0.909090909090909,3
"29404",6,3,71,2,0.807692307692308,2.5
"29462",6,3,74,1,0.617647058823529,6.5
"29482",6,3,75,1,0.928571428571429,2
"29662",6,3,84,1,0.305555555555556,12.5
"29668",6,3,84,4,0.472222222222222,9.5
"29670",6,3,84,5,0.131578947368421,16.5
"29674",6,3,84,7,0.352941176470588,11
"29678",6,3,84,9,0.289473684210526,13.5
"29774",6,3,89,7,0.930555555555556,2.5
"29824",6,3,92,2,0.944444444444444,1
"29844",6,3,93,2,0.6,10
"29854",6,3,93,7,0.25,18
"29858",6,3,93,9,0.26,18.5
"29864",6,3,94,2,0.59375,13
"29892",6,3,95,6,0.683333333333333,9.5
"29902",6,3,96,1,0.8,2
"29908",6,3,96,4,0.5,3.5
"29942",6,3,98,1,0.66,8.5
"29944",6,3,98,2,0.1,22.5
"29954",6,3,98,7,0.28,18
"29956",6,3,98,8,0.295454545454545,15.5
"29958",6,3,98,9,0.5,13.5
"30162",7,3,9,1,0.551724137931034,13
"30164",7,3,9,2,0,0
"30166",7,3,9,3,0.283783783783784,26.5
"30168",7,3,9,4,0,0
"30170",7,3,9,5,0.895348837209302,4.5
"30180",7,3,9,10,0.333333333333333,22
"30194",7,3,10,7,0.878048780487805,5
"30198",7,3,10,9,0.977777777777778,1
"30202",7,3,11,1,0.3,7
"30462",7,3,24,1,0.2,8
"30466",7,3,24,3,0,0
"30470",7,3,24,5,0.192307692307692,10.5
"30474",7,3,24,7,0.15,8.5
"30478",7,3,24,9,0.277777777777778,6.5
"30480",7,3,24,10,0.181818181818182,9
"30594",7,3,30,7,0.575757575757576,14
"30664",7,3,34,2,0.974358974358974,1
"30706",7,3,36,3,0.166666666666667,10
"30718",7,3,36,9,0.45,5.5
"30768",7,3,39,4,0.0833333333333334,11
"30828",7,3,42,4,0.384615384615385,16
"30830",7,3,42,5,0.789473684210526,4
"30836",7,3,42,8,0.119047619047619,18.5
"30838",7,3,42,9,0.227272727272727,17
"30842",7,3,43,1,0.181818181818182,9
"30926",7,3,47,3,0.225806451612903,24
"30962",7,3,49,1,0.242424242424242,25
"30966",7,3,49,3,0.602941176470588,13.5
"30972",7,3,49,6,0.628571428571429,13
"30974",7,3,49,7,0.742424242424242,8.5
"30976",7,3,49,8,0.878787878787879,4
"30978",7,3,49,9,0.338235294117647,22.5
"30980",7,3,49,10,0.402777777777778,21.5
"30998",7,3,50,9,0.887096774193548,3.5
"31164",7,3,59,2,0,0
"31178",7,3,59,9,0.142857142857143,12
"31204",7,3,61,2,0.758064516129032,7.5
"31210",7,3,61,5,0.4,18
"31212",7,3,61,6,0.725806451612903,8.5
"31216",7,3,61,8,0.267857142857143,20.5
"31220",7,3,61,10,0.693548387096774,9.5
"31588",7,3,80,4,0.5,9
"31618",7,3,81,9,0.903846153846154,2.5
"31622",7,3,82,1,0.814285714285714,6.5
"31656",7,3,83,8,0.705128205128205,11.5
"31676",7,3,84,8,0.527027027027027,17.5
"31696",7,3,85,8,0.346153846153846,25.5
"31912",7,3,96,6,0.810344827586207,5.5
"31972",7,3,99,6,0.283333333333333,21.5
"32162",8,3,9,1,0.2,8
"32166",8,3,9,3,0.571428571428571,6
"32168",8,3,9,4,0.208333333333333,9.5
"32170",8,3,9,5,0.590909090909091,4.5
"32174",8,3,9,7,0.166666666666667,10
"32176",8,3,9,8,0.55,4.5
"32180",8,3,9,10,0,0
"32184",8,3,10,2,0.5875,16.5
"32194",8,3,10,7,0.782051282051282,8.5
"32208",8,3,11,4,0.586206896551724,12
"32360",8,3,18,10,0.840909090909091,3.5
"32364",8,3,19,2,0.166666666666667,22.5
"32368",8,3,19,4,0.65,10.5
"32372",8,3,19,6,0.655172413793103,10
"32374",8,3,19,7,0.685185185185185,8.5
"32376",8,3,19,8,0.603448275862069,11.5
"32388",8,3,20,4,0.75,7.5
"32508",8,3,26,4,0,0
"32706",8,3,36,3,0.518518518518519,13
"32810",8,3,41,5,0.227272727272727,8.5
"32830",8,3,42,5,0.464285714285714,15
"32848",8,3,43,4,0.844444444444444,7
"32856",8,3,43,8,0,0
"32862",8,3,44,1,0.3,21
"32870",8,3,44,5,0.683333333333333,9.5
"33048",8,3,53,4,0,0
"33058",8,3,53,9,0.736111111111111,9.5
"33170",8,3,59,5,0,0
"33216",8,3,61,8,0.727272727272727,3
"33224",8,3,62,2,0.916666666666667,1
"33370",8,3,69,5,0.933333333333333,1
"33454",8,3,73,7,0.657894736842105,6.5
"33494",8,3,75,7,0.471428571428571,18.5
"33562",8,3,79,1,0.666666666666667,7
"33568",8,3,79,4,0.304347826086957,16
"33574",8,3,79,7,0,0
"33580",8,3,79,10,0.861111111111111,2.5
"33606",8,3,81,3,0.625,4.5
"33614",8,3,81,7,0.708333333333333,3.5
"33618",8,3,81,9,0,0
"33810",8,3,91,5,0.603448275862069,11.5
"33830",8,3,92,5,0.333333333333333,12
"33838",8,3,92,9,0.558823529411765,7.5
"33854",8,3,93,7,0.89,5.5
"33872",8,3,94,6,0.661290322580645,10.5
"33876",8,3,94,8,0.833333333333333,5
"33882",8,3,95,1,0.681818181818182,7
"33886",8,3,95,3,0.611111111111111,10.5
"33888",8,3,95,4,0.304347826086957,16
"33892",8,3,95,6,0.3125,16.5
"33896",8,3,95,8,0,0
"33936",8,3,97,8,0,0
"33970",8,3,99,5,0.25,15
"33984",8,3,100,2,0.361111111111111,23
"34026",9,3,2,3,0.136363636363636,19
"34082",9,3,5,1,0,0
"34084",9,3,5,2,0.25,18
"34086",9,3,5,3,0.538461538461538,12
"34090",9,3,5,5,0.64,9
"34094",9,3,5,7,0,0
"34096",9,3,5,8,0.288461538461538,18.5
"34098",9,3,5,9,0.214285714285714,16.5
"34100",9,3,5,10,0.461538461538462,14
"34106",9,3,6,3,0.9375,1
"34174",9,3,9,7,0.971428571428571,1
"34246",9,3,13,3,0.846153846153846,4
"34248",9,3,13,4,0.769230769230769,6
"34264",9,3,14,2,0.733333333333333,8
"34266",9,3,14,3,0.863636363636364,4.5
"34268",9,3,14,4,0.75,7.5
"34272",9,3,14,6,0.75,7.5
"34274",9,3,14,7,0.439393939393939,18.5
"34276",9,3,14,8,0.629032258064516,11.5
"34280",9,3,14,10,0.392857142857143,17
"34320",9,3,16,10,0.962962962962963,1
"34444",9,3,23,2,0.44,14
"34450",9,3,23,5,0.735294117647059,9
"34626",9,3,32,3,0.194444444444444,14.5
"34628",9,3,32,4,0.382352941176471,10.5
"34630",9,3,32,5,0.421052631578947,11
"34632",9,3,32,6,0.194444444444444,14.5
"34640",9,3,32,10,0.476190476190476,11
"34822",9,3,42,1,0,0
"34832",9,3,42,6,0.454545454545455,12
"34836",9,3,42,8,0.425,11.5
"34948",9,3,48,4,0.538461538461538,12
"34962",9,3,49,1,0.365853658536585,26
"35024",9,3,52,2,0.758064516129032,7.5
"35026",9,3,52,3,0.765625,7.5
"35036",9,3,52,8,0.692307692307692,8
"35038",9,3,52,9,0.859375,4.5
"35052",9,3,53,6,0.413793103448276,17
"35060",9,3,53,10,0.924242424242424,2.5
"35190",9,3,60,5,0.833333333333333,3.5
"35200",9,3,60,10,0.84,4
"35242",9,3,63,1,0.357142857142857,9
"35244",9,3,63,2,0.714285714285714,4
"35246",9,3,63,3,0.464285714285714,7.5
"35250",9,3,63,5,0.346153846153846,8.5
"35254",9,3,63,7,0.115384615384615,11.5
"35300",9,3,65,10,0.678571428571429,9
"35350",9,3,68,5,0,0
"35370",9,3,69,5,0.7,7.5
"35396",9,3,70,8,0.325581395348837,29
"35432",9,3,72,6,0.484375,16.5
"35446",9,3,73,3,0.147058823529412,29
"35464",9,3,74,2,0.516666666666667,14.5
"35466",9,3,74,3,0.870967741935484,4
"35468",9,3,74,4,0.274193548387097,22.5
"35470",9,3,74,5,0.513513513513513,18
"35474",9,3,74,7,0.431034482758621,16.5
"35488",9,3,75,4,0,0
"35500",9,3,75,10,0,0
"35634",9,3,82,7,0.8125,3
"35662",9,3,84,1,0.471428571428571,18.5
"35664",9,3,84,2,0.4375,18
"35666",9,3,84,3,0.397058823529412,20.5
"35674",9,3,84,7,0.578125,13.5
"35676",9,3,84,8,0,0
"35678",9,3,84,9,0.946428571428571,1.5
"35680",9,3,84,10,0.955882352941177,1.5
"35822",9,3,92,1,0.602564102564103,15.5
"35830",9,3,92,5,0.2875,28.5
"35832",9,3,92,6,0.895348837209302,4.5
"35834",9,3,92,7,0.829545454545455,7.5
"35964",9,3,99,2,0.7,6
"35966",9,3,99,3,0.261904761904762,15.5
"35978",9,3,99,9,0.214285714285714,16.5
"36010",1,4,1,5,0.25,6
"36018",1,4,1,9,0.3125,5.5
"36022",1,4,2,1,0.5,2
"36038",1,4,2,9,0.625,1.5
"36042",1,4,3,1,0.7,3
"36062",1,4,4,1,0.666666666666667,3
"36066",1,4,4,3,0.388888888888889,5.5
"36070",1,4,4,5,0.555555555555556,4
"36100",1,4,5,10,0.625,1.5
"36112",1,4,6,6,0.6,2
"36114",1,4,6,7,0.3,3.5
"36122",1,4,7,1,0.3,3.5
"36128",1,4,7,4,0.3,3.5
"36148",1,4,8,4,0.4375,4.5
"36182",1,4,10,1,0.5,3
"36184",1,4,10,2,0.166666666666667,5
"36188",1,4,10,4,0.416666666666667,3.5
"36196",1,4,10,8,0.75,1.5
"36212",1,4,11,6,0.6,2
"36214",1,4,11,7,0.4,3
"36218",1,4,11,9,0.3,3.5
"36222",1,4,12,1,0.6,2
"36252",1,4,13,6,0.333333333333333,4
"36256",1,4,13,8,0.833333333333333,1
"36272",1,4,14,6,0.75,1
"36274",1,4,14,7,0.75,1
"36292",1,4,15,6,0.4,3
"36302",1,4,16,1,0.4,3
"36304",1,4,16,2,0.833333333333333,1
"36308",1,4,16,4,0.5,3
"36330",1,4,17,5,0.35,6.5
"36346",1,4,18,3,0.3,3.5
"36354",1,4,18,7,0.2,4
"36366",1,4,19,3,0.5,2
"36374",1,4,19,7,0.5,2
"36388",1,4,20,4,0.666666666666667,1
"36400",1,4,20,10,0.666666666666667,1
"36412",1,4,21,6,0.333333333333333,2
"36414",1,4,21,7,0.333333333333333,2
"36416",1,4,21,8,0.666666666666667,1
"36424",1,4,22,2,0.375,5
"36442",1,4,23,1,0.9,1
"36454",1,4,23,7,0.9,1
"36458",1,4,23,9,0.833333333333333,1.5
"36460",1,4,23,10,0.3,7
"36500",1,4,25,10,0.666666666666667,2
"36534",1,4,27,7,0.4,3
"36536",1,4,27,8,0.166666666666667,5
"36538",1,4,27,9,0.0833333333333334,5.5
"36550",1,4,28,5,0.444444444444444,5
"36568",1,4,29,4,0.888888888888889,1
"36576",1,4,29,8,0.444444444444444,5
"36594",1,4,30,7,0.8,1
"36608",1,4,31,4,0.666666666666667,1
"36614",1,4,31,7,0.333333333333333,2
"36618",1,4,31,9,0.333333333333333,2
"36624",1,4,32,2,0.8,1
"36638",1,4,32,9,0.6,2
"36666",1,4,34,3,0.75,1
"36668",1,4,34,4,0.75,1
"36674",1,4,34,7,0.75,1
"36698",1,4,35,9,0.375,5
"36702",1,4,36,1,0.125,7
"36728",1,4,37,4,0.428571428571429,4
"36730",1,4,37,5,0.571428571428571,3
"36732",1,4,37,6,0.714285714285714,2
"36734",1,4,37,7,0.571428571428571,3
"36736",1,4,37,8,0.571428571428571,3
"36746",1,4,38,3,0.5,1.5
"36768",1,4,39,4,0.75,1.5
"36774",1,4,39,7,0.333333333333333,4
"36776",1,4,39,8,0.5,3
"36778",1,4,39,9,0.5,3
"36782",1,4,40,1,0.25,3
"36814",1,4,41,7,0.666666666666667,1
"36816",1,4,41,8,0.166666666666667,2.5
"36822",1,4,42,1,0.666666666666667,1
"36826",1,4,42,3,0,3
"36830",1,4,42,5,0.666666666666667,1
"36836",1,4,42,8,0,3
"36840",1,4,42,10,0.333333333333333,2
"36842",1,4,43,1,0.555555555555556,4
"36846",1,4,43,3,0.555555555555556,4
"36848",1,4,43,4,0.8125,1.5
"36854",1,4,43,7,0.388888888888889,5.5
"36876",1,4,44,8,0.333333333333333,2
"36882",1,4,45,1,0.833333333333333,1
"36902",1,4,46,1,0.416666666666667,3.5
"36920",1,4,46,10,0.666666666666667,2
"36932",1,4,47,6,0.428571428571429,4
"36934",1,4,47,7,0.571428571428571,3
"36958",1,4,48,9,0.375,2.5
"36982",1,4,50,1,0,4
"36984",1,4,50,2,0.625,1.5
"36994",1,4,50,7,0.75,1
"37010",1,4,51,5,0.8,2
"37016",1,4,51,8,0.5,5
"37022",1,4,52,1,0.75,2
"37044",1,4,53,2,0.857142857142857,1
"37048",1,4,53,4,0.857142857142857,1
"37056",1,4,53,8,0.428571428571429,4
"37068",1,4,54,4,0.6875,2.5
"37070",1,4,54,5,0.625,3
"37074",1,4,54,7,0.625,3
"37078",1,4,54,9,0.4375,4.5
"37094",1,4,55,7,0,3
"37096",1,4,55,8,0.666666666666667,1
"37100",1,4,55,10,0.666666666666667,1
"37106",1,4,56,3,0.5,4
"37114",1,4,56,7,0.4375,4.5
"37118",1,4,56,9,0.5,4
"37122",1,4,57,1,0.2,4
"37138",1,4,57,9,0.2,4
"37158",1,4,58,9,0.333333333333333,2
"37166",1,4,59,3,0.277777777777778,6.5
"37170",1,4,59,5,0,9
"37188",1,4,60,4,0.285714285714286,5
"37204",1,4,61,2,0,8
"37208",1,4,61,4,0.75,2
"37210",1,4,61,5,0.6875,2.5
"37234",1,4,62,7,0.5,4
"37236",1,4,62,8,0.8125,1.5
"37240",1,4,62,10,0.375,5
"37244",1,4,63,2,0.222222222222222,7
"37248",1,4,63,4,0.555555555555556,4
"37250",1,4,63,5,0.777777777777778,2
"37262",1,4,64,1,0.25,3
"37266",1,4,64,3,0.5,2
"37280",1,4,64,10,0.25,3
"37282",1,4,65,1,0.555555555555556,4
"37284",1,4,65,2,0.5,4.5
"37286",1,4,65,3,0.888888888888889,1
"37290",1,4,65,5,0.722222222222222,2.5
"37306",1,4,66,3,0.333333333333333,2
"37314",1,4,66,7,0.333333333333333,2
"37316",1,4,66,8,0.333333333333333,2
"37324",1,4,67,2,0.666666666666667,3
"37336",1,4,67,8,0.777777777777778,2
"37370",1,4,69,5,0.6,4
"37384",1,4,70,2,0.625,3
"37386",1,4,70,3,0.625,3
"37390",1,4,70,5,0.5,4
"37394",1,4,70,7,0.625,3
"37398",1,4,70,9,0,8
"37400",1,4,70,10,0.625,3
"37422",1,4,72,1,0.75,2.5
"37440",1,4,72,10,0.7,3
"37444",1,4,73,2,0.2,4
"37456",1,4,73,8,0.6,2
"37472",1,4,74,6,0.666666666666667,2
"37476",1,4,74,8,0.333333333333333,4
"37482",1,4,75,1,0.714285714285714,2
"37486",1,4,75,3,0.214285714285714,5.5
"37488",1,4,75,4,0.5,3.5
"37490",1,4,75,5,0.142857142857143,6
"37492",1,4,75,6,0.5,3.5
"37494",1,4,75,7,0.571428571428571,3
"37496",1,4,75,8,0.571428571428571,3
"37500",1,4,75,10,0.285714285714286,5
"37508",1,4,76,4,0.714285714285714,2
"37512",1,4,76,6,0.428571428571429,4
"37522",1,4,77,1,0.666666666666667,1
"37526",1,4,77,3,0.166666666666667,2.5
"37528",1,4,77,4,0.333333333333333,2
"37538",1,4,77,9,0.666666666666667,1
"37544",1,4,78,2,0.4,3
"37550",1,4,78,5,0.6,2
"37568",1,4,79,4,0.333333333333333,2
"37572",1,4,79,6,0.333333333333333,2
"37576",1,4,79,8,0.666666666666667,1
"37602",1,4,81,1,0.6,2
"37636",1,4,82,8,0.6,2
"37660",1,4,83,10,0.4375,4.5
"37666",1,4,84,3,0.714285714285714,2
"37706",1,4,86,3,0.785714285714286,1.5
"37720",1,4,86,10,0.428571428571429,4
"37726",1,4,87,3,0.444444444444444,5
"37738",1,4,87,9,0.277777777777778,6.5
"37748",1,4,88,4,0.642857142857143,2.5
"37754",1,4,88,7,0.571428571428571,3
"37756",1,4,88,8,0.857142857142857,1
"37764",1,4,89,2,0.6,2
"37768",1,4,89,4,0.2,4
"37780",1,4,89,10,0,5
"37786",1,4,90,3,0.5,3
"37794",1,4,90,7,0.5,3
"37830",1,4,92,5,0.142857142857143,6
"37840",1,4,92,10,0.857142857142857,1
"37854",1,4,93,7,0.333333333333333,2
"37856",1,4,93,8,0.333333333333333,2
"37860",1,4,93,10,0,3
"37866",1,4,94,3,0.7,3
"37880",1,4,94,10,0.7,3
"37888",1,4,95,4,0.416666666666667,3.5
"37910",1,4,96,5,0.785714285714286,1.5
"37926",1,4,97,3,0.428571428571429,4
"37938",1,4,97,9,0,7
"37962",1,4,99,1,0.875,1
"37964",1,4,99,2,0.75,2
"37972",1,4,99,6,0.6875,2.5
"37980",1,4,99,10,0.75,2
"37982",1,4,100,1,0.857142857142857,1
"38006",2,4,1,3,0.833333333333333,2
"38012",2,4,1,6,0.192307692307692,10.5
"38038",2,4,2,9,0.416666666666667,3.5
"38062",2,4,4,1,0.535714285714286,6.5
"38072",2,4,4,6,0.321428571428571,9.5
"38074",2,4,4,7,0.6,6
"38090",2,4,5,5,0.333333333333333,4
"38106",2,4,6,3,0.357142857142857,4.5
"38132",2,4,7,6,0.625,3
"38150",2,4,8,5,0.269230769230769,9.5
"38154",2,4,8,7,0.454545454545455,6
"38164",2,4,9,2,0.125,3.5
"38252",2,4,13,6,0.909090909090909,1
"38256",2,4,13,8,0.9,1
"38280",2,4,14,10,0.833333333333333,1
"38284",2,4,15,2,0.5,4
"38286",2,4,15,3,0.6875,2.5
"38288",2,4,15,4,0.357142857142857,4.5
"38310",2,4,16,5,0.772727272727273,2.5
"38316",2,4,16,8,0.9,1
"38330",2,4,17,5,0.8125,3
"38348",2,4,18,4,0.277777777777778,6.5
"38350",2,4,18,5,0.0625,7.5
"38406",2,4,21,3,0.25,3
"38416",2,4,21,8,0.8,1
"38432",2,4,22,6,0.392857142857143,8.5
"38442",2,4,23,1,0.411764705882353,10
"38454",2,4,23,7,0.941176470588235,1
"38474",2,4,24,7,0.25,6
"38516",2,4,26,8,0.392857142857143,8.5
"38536",2,4,27,8,0.363636363636364,7
"38578",2,4,29,9,0.9375,1
"38594",2,4,30,7,0.555555555555556,4
"38610",2,4,31,5,0.8,1
"38626",2,4,32,3,0.625,3
"38656",2,4,33,8,0.735294117647059,4.5
"38696",2,4,35,8,0.846153846153846,2
"38702",2,4,36,1,0.166666666666667,10
"38714",2,4,36,7,0.227272727272727,8.5
"38754",2,4,38,7,0.5,2.5
"38758",2,4,38,9,0.6,2
"38772",2,4,39,6,0.5,5
"38774",2,4,39,7,0.222222222222222,7
"38812",2,4,41,6,0.2,4
"38818",2,4,41,9,0.8,1
"38820",2,4,41,10,0.8,1
"38822",2,4,42,1,0.666666666666667,1
"38830",2,4,42,5,0.1,4.5
"38848",2,4,43,4,0.866666666666667,2
"38860",2,4,43,10,0.933333333333333,1
"38870",2,4,44,5,0.8,1
"38920",2,4,46,10,0.818181818181818,2
"38956",2,4,48,8,0.763157894736842,4.5
"38970",2,4,49,5,0.0833333333333334,5.5
"38982",2,4,50,1,0.214285714285714,5.5
"38998",2,4,50,9,0.416666666666667,3.5
"39008",2,4,51,4,0.470588235294118,9
"39042",2,4,53,1,0.75,3
"39066",2,4,54,3,0.714285714285714,4
"39088",2,4,55,4,0.2,4
"39096",2,4,55,8,0.5,2
"39106",2,4,56,3,0.321428571428571,9.5
"39108",2,4,56,4,0.5,6.5
"39112",2,4,56,6,0.884615384615385,1.5
"39164",2,4,59,2,0.933333333333333,1
"39176",2,4,59,8,0.4,9
"39202",2,4,61,1,0.192307692307692,10.5
"39228",2,4,62,4,0.923076923076923,1
"39242",2,4,63,1,0.875,2
"39254",2,4,63,7,0.3,10.5
"39258",2,4,63,9,0.4375,9
"39284",2,4,65,2,0.5,8.5
"39304",2,4,66,2,0.5,2.5
"39308",2,4,66,4,0.8,1
"39316",2,4,66,8,0.1,4.5
"39320",2,4,66,10,0.5,2.5
"39350",2,4,68,5,0.208333333333333,9.5
"39354",2,4,68,7,0.192307692307692,10.5
"39356",2,4,68,8,0.307692307692308,9
"39378",2,4,69,9,0.305555555555556,12.5
"39386",2,4,70,3,0.666666666666667,2
"39390",2,4,70,5,0.333333333333333,4
"39454",2,4,73,7,0.375,5
"39466",2,4,74,3,0.6,4
"39468",2,4,74,4,0.272727272727273,8
"39486",2,4,75,3,0.7,3
"39488",2,4,75,4,0.846153846153846,2
"39546",2,4,78,3,0.25,6
"39554",2,4,78,7,0.5625,3.5
"39564",2,4,79,2,0.5,2
"39574",2,4,79,7,0.8,1
"39578",2,4,79,9,0.2,4
"39602",2,4,81,1,0.5,4
"39628",2,4,82,4,0.555555555555556,4
"39648",2,4,83,4,0.653846153846154,4.5
"39650",2,4,83,5,0.5,6.5
"39676",2,4,84,8,0.708333333333333,3.5
"39678",2,4,84,9,0.9,1
"39690",2,4,85,5,0.633333333333333,5.5
"39692",2,4,85,6,0.90625,1.5
"39696",2,4,85,8,0.5,7
"39730",2,4,87,5,0.357142857142857,9
"39732",2,4,87,6,0.214285714285714,11
"39740",2,4,87,10,0.71875,4.5
"39744",2,4,88,2,0.166666666666667,10
"39774",2,4,89,7,0.375,5
"39796",2,4,90,8,0.6,4
"39800",2,4,90,10,0.5,4.5
"39802",2,4,91,1,0.125,3.5
"39814",2,4,91,7,0.5,2.5
"39818",2,4,91,9,0.5,2.5
"39848",2,4,93,4,0.8,1
"39852",2,4,93,6,0.5,2.5
"39864",2,4,94,2,0.694444444444444,5.5
"39872",2,4,94,6,0.15625,13.5
"39874",2,4,94,7,0.470588235294118,9
"39884",2,4,95,2,0.0555555555555556,8.5
"39908",2,4,96,4,0.136363636363636,9.5
"39924",2,4,97,2,0.208333333333333,9.5
"39930",2,4,97,5,0.6,4
"39938",2,4,97,9,0.409090909090909,6.5
"39952",2,4,98,6,0.4375,4.5
"39956",2,4,98,8,0.777777777777778,2
"39976",2,4,99,8,0.928571428571429,1
"39978",2,4,99,9,0.291666666666667,8.5
"39996",2,4,100,8,0.75,3
"40014",3,4,1,7,0.675,6.5
"40016",3,4,1,8,0.236842105263158,14.5
"40032",3,4,2,6,0.444444444444444,5
"40088",3,4,5,4,0.8,2
"40090",3,4,5,5,0.722222222222222,2.5
"40104",3,4,6,2,0.25,7.5
"40110",3,4,6,5,0.375,7.5
"40114",3,4,6,7,0.318181818181818,7.5
"40124",3,4,7,2,0.409090909090909,6.5
"40138",3,4,7,9,0.125,7
"40156",3,4,8,8,0.28125,11.5
"40166",3,4,9,3,0.7,1.5
"40168",3,4,9,4,0.833333333333333,1
"40180",3,4,9,10,0.5,3
"40194",3,4,10,7,0.181818181818182,9
"40220",3,4,11,10,0.5,4
"40244",3,4,13,2,0.464285714285714,7.5
"40250",3,4,13,5,0.25,9
"40252",3,4,13,6,0.625,6
"40268",3,4,14,4,0.631578947368421,7
"40284",3,4,15,2,0.0909090909090909,10
"40300",3,4,15,10,0.285714285714286,10
"40304",3,4,16,2,0.4375,4.5
"40308",3,4,16,4,0.75,2
"40346",3,4,18,3,0.791666666666667,2.5
"40348",3,4,18,4,0.388888888888889,5.5
"40358",3,4,18,9,0.3125,5.5
"40384",3,4,20,2,0.825,3.5
"40420",3,4,21,10,0.666666666666667,2
"40422",3,4,22,1,0.4,3
"40454",3,4,23,7,0.714285714285714,6
"40466",3,4,24,3,0.0666666666666667,14
"40470",3,4,24,5,0.269230769230769,9.5
"40490",3,4,25,5,0.625,6
"40514",3,4,26,7,0.53125,7.5
"40536",3,4,27,8,0.733333333333333,4
"40618",3,4,31,9,0.416666666666667,3.5
"40638",3,4,32,9,0.473684210526316,10
"40652",3,4,33,6,0.05,19
"40654",3,4,33,7,0.181818181818182,18
"40660",3,4,33,10,0.888888888888889,2
"40668",3,4,34,4,0.818181818181818,2
"40686",3,4,35,3,0.583333333333333,7.5
"40692",3,4,35,6,0.861111111111111,2.5
"40694",3,4,35,7,0.368421052631579,12
"40698",3,4,35,9,0.595238095238095,8.5
"40704",3,4,36,2,0.5625,3.5
"40706",3,4,36,3,0.5,4
"40712",3,4,36,6,0.388888888888889,5.5
"40720",3,4,36,10,0.4,6
"40798",3,4,40,9,0.555555555555556,4
"40808",3,4,41,4,0.571428571428571,3
"40822",3,4,42,1,0.5,2
"40856",3,4,43,8,0.307692307692308,9
"40870",3,4,44,5,0.3,3.5
"40878",3,4,44,9,0.625,1.5
"40882",3,4,45,1,0,0
"40892",3,4,45,6,0.8125,1.5
"40908",3,4,46,4,0.595238095238095,8.5
"40930",3,4,47,5,0.65,7
"40948",3,4,48,4,0.115384615384615,11.5
"40952",3,4,48,6,0.642857142857143,5
"40966",3,4,49,3,0.75,2
"40968",3,4,49,4,0.6875,2.5
"40976",3,4,49,8,0.375,5
"40982",3,4,50,1,0.625,3
"40996",3,4,50,8,0.142857142857143,6
"41032",3,4,52,6,0.555555555555556,4
"41038",3,4,52,9,0.875,1
"41042",3,4,53,1,0.833333333333333,2
"41108",3,4,56,4,0.291666666666667,8.5
"41130",3,4,57,5,0.80952380952381,4
"41146",3,4,58,3,0.0833333333333334,5.5
"41148",3,4,58,4,0.666666666666667,2
"41162",3,4,59,1,0.722222222222222,5
"41166",3,4,59,3,0.15,17
"41172",3,4,59,6,0,0
"41178",3,4,59,9,0.138888888888889,15.5
"41244",3,4,63,2,0.578947368421053,8
"41266",3,4,64,3,0.777777777777778,2
"41284",3,4,65,2,0,4
"41298",3,4,65,9,0.1,4.5
"41306",3,4,66,3,0.8,1
"41316",3,4,66,8,0.6,2
"41326",3,4,67,3,0.28125,11.5
"41328",3,4,67,4,0.3,10.5
"41350",3,4,68,5,0,0
"41352",3,4,68,6,0.210526315789474,15
"41354",3,4,68,7,0.210526315789474,15
"41374",3,4,69,7,0.318181818181818,7.5
"41398",3,4,70,9,0.277777777777778,6.5
"41420",3,4,71,10,0.0833333333333334,5.5
"41428",3,4,72,4,0.5,6
"41436",3,4,72,8,0.791666666666667,2.5
"41444",3,4,73,2,0.818181818181818,2
"41454",3,4,73,7,0.75,3
"41472",3,4,74,6,0.0833333333333334,11
"41480",3,4,74,10,0.714285714285714,4
"41482",3,4,75,1,0,0
"41498",3,4,75,9,0.866666666666667,2
"41508",3,4,76,4,0.571428571428571,6
"41518",3,4,76,9,0.458333333333333,6.5
"41522",3,4,77,1,0.571428571428571,3
"41530",3,4,77,5,0,0
"41534",3,4,77,7,0.6,2
"41562",3,4,79,1,0.6,2
"41570",3,4,79,5,0.857142857142857,1
"41576",3,4,79,8,0.571428571428571,3
"41600",3,4,80,10,0.636363636363636,4
"41626",3,4,82,3,0.769230769230769,3
"41660",3,4,83,10,0.291666666666667,8.5
"41664",3,4,84,2,0.428571428571429,4
"41716",3,4,86,8,0.954545454545455,1
"41766",3,4,89,3,0.8,2
"41770",3,4,89,5,0.136363636363636,9.5
"41784",3,4,90,2,0.285714285714286,10
"41798",3,4,90,9,0.4,9
"41802",3,4,91,1,0.142857142857143,6
"41816",3,4,91,8,0.5,4
"41818",3,4,91,9,0.5,3
"41820",3,4,91,10,0.583333333333333,2.5
"41822",3,4,92,1,0.6,4
"41848",3,4,93,4,0.666666666666667,2
"41930",3,4,97,5,0.888888888888889,1
"41980",3,4,99,10,0.285714285714286,5
"41986",3,4,100,3,0.375,5
"42038",4,4,2,9,0.866666666666667,2
"42066",4,4,4,3,0.4,6
"42074",4,4,4,7,0.625,4.5
"42142",4,4,8,1,0.5,6.5
"42170",4,4,9,5,0.1875,6.5
"42182",4,4,10,1,0.0714285714285714,19.5
"42188",4,4,10,4,0.0625,15
"42196",4,4,10,8,0.289473684210526,13.5
"42206",4,4,11,3,0.769230769230769,3
"42218",4,4,11,9,0.75,3
"42226",4,4,12,3,0.75,4
"42234",4,4,12,7,0.46875,8.5
"42238",4,4,12,9,0.233333333333333,11.5
"42246",4,4,13,3,0.416666666666667,3.5
"42254",4,4,13,7,0.5,3.5
"42288",4,4,15,4,0.395833333333333,14.5
"42302",4,4,16,1,0.346153846153846,8.5
"42408",4,4,21,4,0.8,1
"42452",4,4,23,6,0.527777777777778,8.5
"42506",4,4,26,3,0.3,14
"42508",4,4,26,4,0.229166666666667,18.5
"42516",4,4,26,8,0.369565217391304,14.5
"42518",4,4,26,9,0.545454545454545,10
"42532",4,4,27,6,0.545454545454545,5
"42580",4,4,29,10,0.0681818181818182,20.5
"42584",4,4,30,2,0.282608695652174,16.5
"42588",4,4,30,4,0.909090909090909,2
"42592",4,4,30,6,0.630434782608696,8.5
"42616",4,4,31,8,0.583333333333333,7.5
"42638",4,4,32,9,0.75,3
"42642",4,4,33,1,0.375,5
"42644",4,4,33,2,0.25,6
"42690",4,4,35,5,0.289473684210526,13.5
"42696",4,4,35,8,0.0833333333333334,16.5
"42704",4,4,36,2,0.4375,4.5
"42774",4,4,39,7,0.41304347826087,13.5
"42782",4,4,40,1,0.833333333333333,3
"42822",4,4,42,1,0.5,2.5
"42826",4,4,42,3,0,6
"42828",4,4,42,4,0,5
"42830",4,4,42,5,0.166666666666667,5
"42834",4,4,42,7,0,6
"42848",4,4,43,4,0.5,4.5
"42856",4,4,43,8,0.5,4
"42860",4,4,43,10,0.571428571428571,3
"42870",4,4,44,5,0.25,4.5
"42874",4,4,44,7,0.625,1.5
"42880",4,4,44,10,0.5,4
"42974",4,4,49,7,0.727272727272727,3
"42978",4,4,49,9,0.714285714285714,2
"43084",4,4,55,2,0.538461538461538,6
"43100",4,4,55,10,0,0
"43124",4,4,57,2,0.416666666666667,3.5
"43128",4,4,57,4,0.25,4.5
"43132",4,4,57,6,0.714285714285714,2
"43160",4,4,58,10,0.882352941176471,2
"43190",4,4,60,5,0.75,6
"43202",4,4,61,1,0.266666666666667,11
"43224",4,4,62,2,0.714285714285714,2
"43264",4,4,64,2,0.7,4.5
"43306",4,4,66,3,0,0
"43318",4,4,66,9,0.1875,6.5
"43338",4,4,67,9,0.8,3
"43378",4,4,69,9,0.607142857142857,5.5
"43410",4,4,71,5,0.857142857142857,1
"43436",4,4,72,8,0.5625,3.5
"43472",4,4,74,6,0.307692307692308,9
"43476",4,4,74,8,0.714285714285714,4
"43502",4,4,76,1,0.638888888888889,6.5
"43510",4,4,76,5,0.785714285714286,3
"43562",4,4,79,1,0.666666666666667,2
"43570",4,4,79,5,0.25,4.5
"43572",4,4,79,6,0.571428571428571,3
"43574",4,4,79,7,0.6,2
"43602",4,4,81,1,0.631578947368421,7
"43610",4,4,81,5,0.763157894736842,4.5
"43612",4,4,81,6,0.611111111111111,7
"43618",4,4,81,9,0.277777777777778,13
"43630",4,4,82,5,0.5,8.5
"43638",4,4,82,9,0.2,12
"43664",4,4,84,2,0.727272727272727,3
"43746",4,4,88,3,0.54,11.5
"43762",4,4,89,1,0.653846153846154,4.5
"43772",4,4,89,6,0.125,10.5
"43776",4,4,89,8,0.1,13.5
"43794",4,4,90,7,0.208333333333333,9.5
"43796",4,4,90,8,0.846153846153846,2
"43808",4,4,91,4,0.555555555555556,4
"43812",4,4,91,6,0.555555555555556,4
"43822",4,4,92,1,0.65,7
"43826",4,4,92,3,0.1875,13
"43830",4,4,92,5,0.84375,2.5
"43840",4,4,92,10,0.107142857142857,12.5
"43858",4,4,93,9,0.166666666666667,7.5
"43860",4,4,93,10,0.571428571428571,3
"43870",4,4,94,5,0.25,6
"43872",4,4,94,6,0.222222222222222,7
"43908",4,4,96,4,0.75,2
"43924",4,4,97,2,0.791666666666667,5
"43930",4,4,97,5,0.821428571428571,5
"43942",4,4,98,1,0.520833333333333,11.5
"43964",4,4,99,2,0.6875,2.5
"43982",4,4,100,1,0.896551724137931,3
"43996",4,4,100,8,0,0
"44080",5,4,4,10,0.571428571428571,3
"44130",5,4,7,5,0.75,4.5
"44132",5,4,7,6,0.368421052631579,12
"44160",5,4,8,10,0.275,14.5
"44162",5,4,9,1,0.651515151515151,11.5
"44182",5,4,10,1,0.3,3.5
"44184",5,4,10,2,0.25,4.5
"44186",5,4,10,3,0.25,4.5
"44212",5,4,11,6,0.428571428571429,12
"44222",5,4,12,1,0,0
"44234",5,4,12,7,0,0
"44236",5,4,12,8,0.477272727272727,11.5
"44242",5,4,13,1,0.666666666666667,3
"44252",5,4,13,6,0.5,3
"44290",5,4,15,5,0.404761904761905,12.5
"44292",5,4,15,6,0.238095238095238,16
"44294",5,4,15,7,0.342105263157895,12.5
"44300",5,4,15,10,0.522727272727273,10.5
"44304",5,4,16,2,0.7,3
"44312",5,4,16,6,0.7,3
"44316",5,4,16,8,0.818181818181818,2
"44334",5,4,17,7,0.448275862068966,16
"44430",5,4,22,5,0.388888888888889,11
"44488",5,4,25,4,0.666666666666667,3
"44494",5,4,25,7,0.785714285714286,1.5
"44534",5,4,27,7,0.923076923076923,1
"44546",5,4,28,3,0.393939393939394,20
"44548",5,4,28,4,0.612903225806452,12
"44552",5,4,28,6,0.185714285714286,28.5
"44554",5,4,28,7,0.296875,22.5
"44556",5,4,28,8,0.1875,26
"44558",5,4,28,9,0.532258064516129,14.5
"44582",5,4,30,1,0.473684210526316,10
"44588",5,4,30,4,0.725,5.5
"44604",5,4,31,2,0.76,6
"44614",5,4,31,7,0.447368421052632,10.5
"44618",5,4,31,9,0.477272727272727,11.5
"44650",5,4,33,5,0.428571428571429,12
"44662",5,4,34,1,0.625,4.5
"44680",5,4,34,10,0.382352941176471,10.5
"44708",5,4,36,4,0.342105263157895,12.5
"44710",5,4,36,5,0.527777777777778,8.5
"44712",5,4,36,6,0.583333333333333,7.5
"44722",5,4,37,1,0.28125,11.5
"44724",5,4,37,2,0.523809523809524,10
"44726",5,4,37,3,0.1875,13
"44736",5,4,37,8,0.323529411764706,11.5
"44738",5,4,37,9,0.657894736842105,6.5
"44740",5,4,37,10,0.1,18
"44748",5,4,38,4,0.416666666666667,3.5
"44778",5,4,39,9,0.935483870967742,2
"44782",5,4,40,1,0.666666666666667,11
"44786",5,4,40,3,0.712121212121212,9.5
"44828",5,4,42,4,0.825,3.5
"44872",5,4,44,6,0.75,1
"44876",5,4,44,8,0.5,4
"44878",5,4,44,9,0.75,1.5
"44890",5,4,45,5,0.483333333333333,15.5
"44894",5,4,45,7,0.516666666666667,14.5
"44944",5,4,48,2,0.892857142857143,3
"45000",5,4,50,10,0.454545454545455,6
"45018",5,4,51,9,0,0
"45128",5,4,57,4,0.560606060606061,14.5
"45160",5,4,58,10,0.925,1.5
"45162",5,4,59,1,0.645161290322581,11
"45170",5,4,59,5,0.407407407407407,16
"45182",5,4,60,1,0.712121212121212,9.5
"45208",5,4,61,4,0.416666666666667,14
"45212",5,4,61,6,0.462962962962963,14.5
"45216",5,4,61,8,0.568181818181818,9.5
"45218",5,4,61,9,0.75,6
"45222",5,4,62,1,0.818181818181818,4
"45234",5,4,62,7,0.425,11.5
"45282",5,4,65,1,0.777777777777778,2
"45304",5,4,66,2,0.5,3.5
"45314",5,4,66,7,0.357142857142857,4.5
"45330",5,4,67,5,0.357142857142857,13.5
"45332",5,4,67,6,0.552631578947368,8.5
"45370",5,4,69,5,0.607142857142857,11
"45380",5,4,69,10,0.3125,22
"45428",5,4,72,4,0.971428571428571,1
"45472",5,4,74,6,0.904761904761905,2
"45502",5,4,76,1,0.547619047619048,9.5
"45508",5,4,76,4,0,0
"45546",5,4,78,3,0.575,8.5
"45570",5,4,79,5,0.571428571428571,3
"45612",5,4,81,6,0.583333333333333,12.5
"45620",5,4,81,10,0.714285714285714,10
"45636",5,4,82,8,0.5,3
"45640",5,4,82,10,0.714285714285714,2
"45672",5,4,84,6,0.75,5.5
"45730",5,4,87,5,0.630434782608696,8.5
"45744",5,4,88,2,0.636363636363636,12
"45864",5,4,94,2,0.583333333333333,5
"45866",5,4,94,3,0.625,3
"45870",5,4,94,5,0.227272727272727,8.5
"45878",5,4,94,9,0.1875,6.5
"45880",5,4,94,10,0.590909090909091,4.5
"45910",5,4,96,5,0.821428571428571,5
"45964",5,4,99,2,0.571428571428571,15
"45986",5,4,100,3,0.642857142857143,12.5
"46058",6,4,3,9,0.588235294117647,14
"46126",6,4,7,3,0.53125,7.5
"46128",6,4,7,4,0.315789473684211,13
"46132",6,4,7,6,0.588235294117647,7
"46224",6,4,12,2,0.25,21
"46228",6,4,12,4,0.285714285714286,20
"46230",6,4,12,5,0.6,10
"46238",6,4,12,9,0.339285714285714,18.5
"46272",6,4,14,6,0,0
"46276",6,4,14,8,0.285714285714286,10
"46278",6,4,14,9,0.846153846153846,2
"46282",6,4,15,1,0.5,8
"46284",6,4,15,2,0.09375,14.5
"46290",6,4,15,5,0.605263157894737,7.5
"46292",6,4,15,6,0,0
"46298",6,4,15,9,0.805555555555556,3.5
"46318",6,4,16,9,0.6,12
"46328",6,4,17,4,0,0
"46352",6,4,18,6,0.471428571428571,18.5
"46396",6,4,20,8,0.703703703703704,8
"46410",6,4,21,5,0.590909090909091,4.5
"46428",6,4,22,4,0.948275862068966,1.5
"46442",6,4,23,1,0.757142857142857,8.5
"46444",6,4,23,2,0.764705882352941,8
"46496",6,4,25,8,0.758620689655172,7
"46544",6,4,28,2,0.95,2
"46628",6,4,32,4,0.642857142857143,5
"46638",6,4,32,9,0.735294117647059,4.5
"46678",6,4,34,9,0.560606060606061,14.5
"46708",6,4,36,4,0,0
"46852",6,4,43,6,0.863636363636364,4.5
"46854",6,4,43,7,0.859375,4.5
"46856",6,4,43,8,0.833333333333333,6
"46934",6,4,47,7,0.676470588235294,5.5
"46952",6,4,48,6,0.535714285714286,19.5
"47126",6,4,57,3,0.34375,21
"47218",6,4,61,9,0.34375,10.5
"47220",6,4,61,10,0.78125,3.5
"47230",6,4,62,5,0.95,2
"47252",6,4,63,6,0.204545454545455,17.5
"47254",6,4,63,7,0.673913043478261,7.5
"47258",6,4,63,9,0.386363636363636,13.5
"47294",6,4,65,7,0.222222222222222,7
"47298",6,4,65,9,0.277777777777778,6.5
"47324",6,4,67,2,0.2,8
"47326",6,4,67,3,0.5,3.5
"47338",6,4,67,9,0.5,4
"47394",6,4,70,7,0.939393939393939,2
"47412",6,4,71,6,0.375,17.5
"47436",6,4,72,8,0.78125,7
"47444",6,4,73,2,0.609375,12.5
"47450",6,4,73,5,0.833333333333333,5.5
"47484",6,4,75,2,0.5,10.5
"47492",6,4,75,6,0.958333333333333,1
"47494",6,4,75,7,0.547619047619048,9.5
"47506",6,4,76,3,0.5,10
"47538",6,4,77,9,0.428571428571429,16
"47544",6,4,78,2,0.535714285714286,6.5
"47552",6,4,78,6,0.730769230769231,3.5
"47558",6,4,78,9,0.423076923076923,7.5
"47580",6,4,79,10,0.783333333333333,6.5
"47602",6,4,81,1,0,0
"47624",6,4,82,2,0.142857142857143,6
"47664",6,4,84,2,0.75,2
"47678",6,4,84,9,0.4375,4.5
"47702",6,4,86,1,0.805555555555556,3.5
"47710",6,4,86,5,0.605263157894737,7.5
"47714",6,4,86,7,0.105263157894737,17
"47716",6,4,86,8,0.388888888888889,11
"47718",6,4,86,9,0.525,9.5
"47794",6,4,90,7,0.636363636363636,4
"47796",6,4,90,8,0.269230769230769,9.5
"47818",6,4,91,9,0.185185185185185,22
"47824",6,4,92,2,0.314814814814815,18.5
"47832",6,4,92,6,0.357142857142857,18
"47834",6,4,92,7,0.88,3
"47858",6,4,93,9,0.789473684210526,8
"47872",6,4,94,6,0.259259259259259,20
"47904",6,4,96,2,0.535714285714286,6.5
"47954",6,4,98,7,0.424242424242424,19
"47968",6,4,99,4,0.25,13.5
"47982",6,4,100,1,0.142857142857143,12
"47988",6,4,100,4,0.423076923076923,7.5
"47994",6,4,100,7,0.142857142857143,12
"47998",6,4,100,9,0.115384615384615,11.5
"48006",7,4,1,3,0.5,13
"48048",7,4,3,4,0,0
"48060",7,4,3,10,0.732142857142857,7.5
"48096",7,4,5,8,0.588235294117647,7
"48114",7,4,6,7,0.388888888888889,5.5
"48210",7,4,11,5,0.628571428571429,13
"48242",7,4,13,1,0.153846153846154,22
"48244",7,4,13,2,0.592592592592593,11
"48250",7,4,13,5,0.416666666666667,14
"48254",7,4,13,7,0.458333333333333,13
"48260",7,4,13,10,0.434782608695652,13
"48262",7,4,14,1,0.928571428571429,1
"48264",7,4,14,2,0.470588235294118,9
"48276",7,4,14,8,0.941176470588235,1
"48278",7,4,14,9,0.105263157894737,17
"48280",7,4,14,10,0.138888888888889,15.5
"48364",7,4,19,2,0.733333333333333,4
"48366",7,4,19,3,0.464285714285714,7.5
"48376",7,4,19,8,0,0
"48378",7,4,19,9,0.382352941176471,10.5
"48432",7,4,22,6,0.548387096774194,14
"48466",7,4,24,3,0.357142857142857,4.5
"48470",7,4,24,5,0.571428571428571,3
"48584",7,4,30,2,0.816666666666667,5.5
"48586",7,4,30,3,0.683333333333333,9.5
"48608",7,4,31,4,0.227272727272727,8.5
"48616",7,4,31,8,0.2,8
"48618",7,4,31,9,0.25,7.5
"48650",7,4,33,5,0.734375,8.5
"48662",7,4,34,1,0.6,4
"48700",7,4,35,10,0.779069767441861,9.5
"48712",7,4,36,6,0.40625,9.5
"48714",7,4,36,7,0.764705882352941,4
"48720",7,4,36,10,0,0
"48764",7,4,39,2,0.380952380952381,13
"48768",7,4,39,4,0.583333333333333,10
"48774",7,4,39,7,0.391304347826087,14
"48780",7,4,39,10,0.41304347826087,13.5
"48798",7,4,40,9,0.384615384615385,8
"48806",7,4,41,3,0.366666666666667,19
"48846",7,4,43,3,0.357142857142857,9
"48856",7,4,43,8,0.705882352941176,5
"48870",7,4,44,5,0.260869565217391,17
"48876",7,4,44,8,0.80952380952381,4
"48934",7,4,47,7,0,0
"48966",7,4,49,3,0,0
"49004",7,4,51,2,0.619047619047619,8
"49012",7,4,51,6,0,0
"49016",7,4,51,8,0.791666666666667,5
"49020",7,4,51,10,0.45,11
"49038",7,4,52,9,0.613636363636364,8.5
"49054",7,4,53,7,0.583333333333333,12.5
"49082",7,4,55,1,0.878048780487805,5
"49106",7,4,56,3,0.35,6.5
"49142",7,4,58,1,0.829545454545455,7.5
"49150",7,4,58,5,0,0
"49238",7,4,62,9,0.5,12
"49242",7,4,63,1,0.285714285714286,10
"49250",7,4,63,5,0,0
"49292",7,4,65,6,0.2,8
"49294",7,4,65,7,0.35,6.5
"49296",7,4,65,8,0.2,8
"49300",7,4,65,10,0.3125,5.5
"49322",7,4,67,1,0.470588235294118,9
"49326",7,4,67,3,0.576923076923077,5.5
"49336",7,4,67,8,0.466666666666667,8
"49338",7,4,67,9,0.4375,9
"49382",7,4,70,1,0,0
"49384",7,4,70,2,0.711538461538462,7.5
"49388",7,4,70,4,0.434782608695652,13
"49398",7,4,70,9,0.543478260869565,10.5
"49400",7,4,70,10,0.706896551724138,8.5
"49484",7,4,75,2,0.523255813953488,20.5
"49488",7,4,75,4,0.435897435897436,22
"49496",7,4,75,8,0.779069767441861,9.5
"49500",7,4,75,10,0.2125,31.5
"49536",7,4,77,8,0.571428571428571,9
"49538",7,4,77,9,0.729166666666667,6.5
"49566",7,4,79,3,0.575,8.5
"49570",7,4,79,5,0.785714285714286,4.5
"49632",7,4,82,6,0.25,4.5
"49634",7,4,82,7,0.714285714285714,2
"49666",7,4,84,3,0.807692307692308,2.5
"49740",7,4,87,10,0.5,5
"49744",7,4,88,2,0.719512195121951,11.5
"49802",7,4,91,1,0.24,19
"49858",7,4,93,9,0.886363636363636,2.5
"49864",7,4,94,2,0.862068965517241,4
"49898",7,4,95,9,0.631578947368421,7
"49962",7,4,99,1,0.522727272727273,10.5
"49980",7,4,99,10,0.818181818181818,4
"50022",8,4,2,1,0.65,10.5
"50026",8,4,2,3,0.696428571428571,8.5
"50030",8,4,2,5,0.706896551724138,8.5
"50032",8,4,2,6,0.453125,17.5
"50034",8,4,2,7,0.316666666666667,20.5
"50036",8,4,2,8,0,0
"50040",8,4,2,10,0.560606060606061,14.5
"50042",8,4,3,1,0.967391304347826,1.5
"50130",8,4,7,5,0.538461538461538,18
"50146",8,4,8,3,0.325,13.5
"50220",8,4,11,10,0.734375,8.5
"50230",8,4,12,5,0.720588235294118,9.5
"50246",8,4,13,3,0.338709677419355,20.5
"50360",8,4,18,10,0,0
"50408",8,4,21,4,0.619047619047619,8
"50442",8,4,23,1,0.825581395348837,7.5
"50470",8,4,24,5,0.869047619047619,5.5
"50492",8,4,25,6,0.214285714285714,5.5
"50498",8,4,25,9,0.611111111111111,3.5
"50542",8,4,28,1,0.705882352941176,5
"50554",8,4,28,7,0.694444444444444,5.5
"50562",8,4,29,1,0.666666666666667,5
"50564",8,4,29,2,0.625,6
"50570",8,4,29,5,0.5,7
"50580",8,4,29,10,0.833333333333333,2.5
"50588",8,4,30,4,0.391891891891892,22.5
"50686",8,4,35,3,0.712121212121212,9.5
"50752",8,4,38,6,0.888888888888889,2
"50804",8,4,41,2,0.706896551724138,8.5
"50816",8,4,41,8,0.387096774193548,19
"50846",8,4,43,3,0.75,10.5
"50894",8,4,45,7,0.553571428571429,12.5
"50962",8,4,49,1,0.654761904761905,14.5
"50966",8,4,49,3,0.33695652173913,30.5
"50974",8,4,49,7,0.829545454545455,7.5
"50980",8,4,49,10,0.674418604651163,14
"51026",8,4,52,3,0.69047619047619,6.5
"51060",8,4,53,10,0,0
"51118",8,4,56,9,0.971428571428571,1
"51224",8,4,62,2,0.696428571428571,8.5
"51270",8,4,64,5,0,0
"51274",8,4,64,7,0.666666666666667,6
"51276",8,4,64,8,0.157894736842105,16
"51278",8,4,64,9,0.473684210526316,10
"51306",8,4,66,3,0.15,17
"51338",8,4,67,9,0,0
"51372",8,4,69,6,0.45,5.5
"51448",8,4,73,4,0.454545454545455,24
"51450",8,4,73,5,0.74390243902439,10.5
"51452",8,4,73,6,0.340909090909091,29
"51480",8,4,74,10,0.92,2
"51500",8,4,75,10,0.611111111111111,10.5
"51522",8,4,77,1,0.882352941176471,2
"51572",8,4,79,6,0.458333333333333,13
"51586",8,4,80,3,0.69047619047619,6.5
"51614",8,4,81,7,0.632352941176471,12.5
"51616",8,4,81,8,0.806451612903226,6
"51656",8,4,83,8,0.857142857142857,2
"51662",8,4,84,1,0.58,10.5
"51682",8,4,85,1,0.681818181818182,7
"51700",8,4,85,10,0.770833333333333,5.5
"51704",8,4,86,2,0.473684210526316,10
"51750",8,4,88,5,0.394736842105263,11.5
"51824",8,4,92,2,0.59375,6.5
"51836",8,4,92,8,0,0
"51838",8,4,92,9,0.4,9
"51840",8,4,92,10,0.566666666666667,6.5
"51854",8,4,93,7,0.522727272727273,10.5
"51912",8,4,96,6,0.9,3.5
"51920",8,4,96,10,0.974358974358974,1
"51972",8,4,99,6,0.635416666666667,17.5
"51982",8,4,100,1,0.175,16.5
"51986",8,4,100,3,0,0
"51988",8,4,100,4,0,0
"51992",8,4,100,6,0.3125,11
"51994",8,4,100,7,0.470588235294118,9
"51996",8,4,100,8,0.277777777777778,13
"52250",9,4,13,5,0.741935483870968,8
"52254",9,4,13,7,0.548387096774194,14
"52258",9,4,13,9,0,0
"52260",9,4,13,10,0.787878787878788,7
"52268",9,4,14,4,0.25,4.5
"52326",9,4,17,3,0.586206896551724,12
"52332",9,4,17,6,0.76,6
"52344",9,4,18,2,0.903225806451613,3
"52354",9,4,18,7,0.854838709677419,4.5
"52400",9,4,20,10,0.75,9.5
"52492",9,4,25,6,0.51219512195122,20
"52518",9,4,26,9,0.943181818181818,2.5
"52566",9,4,29,3,0.479166666666667,12.5
"52584",9,4,30,2,0.791666666666667,2.5
"52586",9,4,30,3,0,0
"52588",9,4,30,4,0,0
"52592",9,4,30,6,0.708333333333333,3.5
"52594",9,4,30,7,0.625,4.5
"52598",9,4,30,9,0.388888888888889,5.5
"52600",9,4,30,10,0.25,7.5
"52662",9,4,34,1,0.5625,3.5
"52690",9,4,35,5,0.845238095238095,6.5
"52694",9,4,35,7,0.654761904761905,14.5
"52834",9,4,42,7,0,0
"52878",9,4,44,9,0.34375,10.5
"52952",9,4,48,6,0,0
"52962",9,4,49,1,0.583333333333333,5
"52964",9,4,49,2,0.535714285714286,6.5
"52966",9,4,49,3,0.6,4
"52970",9,4,49,5,0.545454545454545,5
"52972",9,4,49,6,0.583333333333333,5
"52980",9,4,49,10,0,0
"52982",9,4,50,1,0.674418604651163,14
"52984",9,4,50,2,0.773809523809524,9.5
"52994",9,4,50,7,0.965116279069767,1.5
"52996",9,4,50,8,0.966666666666667,1.5
"53034",9,4,52,7,0.842857142857143,5.5
"53052",9,4,53,6,0.314814814814815,18.5
"53128",9,4,57,4,0,0
"53134",9,4,57,7,0.609375,12.5
"53136",9,4,57,8,0.392857142857143,17
"53162",9,4,59,1,0.9,1.5
"53184",9,4,60,2,0,0
"53192",9,4,60,6,0.277777777777778,6.5
"53302",9,4,66,1,0.291666666666667,8.5
"53304",9,4,66,2,0.115384615384615,11.5
"53306",9,4,66,3,0.21875,12.5
"53318",9,4,66,9,0.571428571428571,6
"53322",9,4,67,1,0.69047619047619,6.5
"53328",9,4,67,4,0.605263157894737,7.5
"53336",9,4,67,8,0.472222222222222,9.5
"53342",9,4,68,1,0.709677419354839,9
"53362",9,4,69,1,0.654761904761905,14.5
"53370",9,4,69,5,0.826530612244898,8.5
"53424",9,4,72,2,0.709677419354839,9
"53446",9,4,73,3,0,0
"53516",9,4,76,8,0.851851851851852,4
"53538",9,4,77,9,0.2,16
"53684",9,4,85,2,0.630434782608696,8.5
"53688",9,4,85,4,0.26,18.5
"53698",9,4,85,9,0.44,14
"53726",9,4,87,3,0,0
"53756",9,4,88,8,0,0
"53848",9,4,93,4,0.441176470588235,9.5
"53866",9,4,94,3,0.425,11.5
"53868",9,4,94,4,0.642857142857143,7.5
"53874",9,4,94,7,0.125,17.5
"53876",9,4,94,8,0.7,6
"53878",9,4,94,9,0.15,17
"53978",9,4,99,9,0.653846153846154,4.5
"53982",9,4,100,1,0.923076923076923,4
"53986",9,4,100,3,0.717391304347826,13
"53990",9,4,100,5,0.836538461538462,8.5
