"","name","par_strategy","nproc","time","generator","r","id","avg_card","date","duration","iteration","perc_minimal","size","size_minimal","mhspersec","totaltime"
"1","mhs","Random",1,1e+06,"mhs_random_1_1000000",25,2039477550.93,12.818067925,3961,1.21602628,50.5,0.97824239608,20070.99,19691.3699902971,16505.3916433451,1.21602628
"2","mhs","Random",1,1.6e+07,"mhs_random_1_16000000",25,2200303811.7,12.966163811,3965,16.41647331,50.5,0.96921006556,49783.62,48363.9800526521,3032.54048905099,16.41647331
"3","mhs","Random",1,2e+06,"mhs_random_1_2000000",25,1924551647.56,12.901642657,3962,2.35124367,50.5,0.9729028899,33066.01,32206.3000549372,14063.20000853,2.35124367
"4","mhs","Random",1,4e+06,"mhs_random_1_4000000",25,2174562968.11,12.93229119,3963,4.326557,50.5,0.97115369975,37409.37,36355.5999019628,8646.45259498488,4.326557
"5","mhs","Random",1,8e+06,"mhs_random_1_8000000",25,2136333246.02,12.950580158,3964,8.446251,50.5,0.96982548777,41856.62,40642.2900406901,4955.6448180382,8.446251
"6","mhs","Random",2,1e+06,"mhs_random_2_1000000",25,2303622916.66,12.917791983,3966,1.43528611,50.5,0.98295224969,48377.02,47591.8200738301,16852.7444329549,2.87057222
"7","mhs","Random",2,1.6e+07,"mhs_random_2_16000000",25,2005324691.19,12.999517968,3970,16.80886824,50.5,0.97554988979,95059.1,92797.6599247409,2827.64724676074,33.61773648
"8","mhs","Random",2,2e+06,"mhs_random_2_2000000",25,2368613470.94,12.951591689,3967,2.52446272,50.5,0.97854816974,67178.5,65754.8299376099,13305.5044678972,5.04892544
"9","mhs","Random",2,4e+06,"mhs_random_2_4000000",25,1953110503.38,12.963696822,3968,4.64977536,50.5,0.97707895336,73244.67,71572.9700174897,7876.15146207837,9.29955072
"10","mhs","Random",2,8e+06,"mhs_random_2_8000000",25,2016382199.7,12.978231341,3969,8.63571079,50.5,0.97608759882,81100.98,79189.2199287314,4695.67485365035,17.27142158
"11","mhs","Random",3,1e+06,"mhs_random_3_1000000",25,2331770683.55,12.936273809,3971,1.53842386,50.5,0.98239564714,74221.63,72984.039986239,16081.7470247331,4.61527158
"12","mhs","Random",3,1.6e+07,"mhs_random_3_16000000",25,2079836830.61,13.007349957,3975,17.15060714,50.5,0.97588397268,148157.64,144772.100245668,2879.54120789219,51.45182142
"13","mhs","Random",3,2e+06,"mhs_random_3_2000000",25,2067898035.73,12.959352863,3972,2.82158357,50.5,0.97885923207,100187.3,98132.7401052794,11835.8240463764,8.46475071
"14","mhs","Random",3,4e+06,"mhs_random_3_4000000",25,1985514508.11,12.972137861,3973,4.91702117,50.5,0.97703121485,113266.63,110727.169985886,7678.53991837366,14.75106351
"15","mhs","Random",3,8e+06,"mhs_random_3_8000000",25,2153518247.73,12.984616828,3974,9.01249595,50.5,0.97639698979,125234.17,122386.739736321,4631.87152204305,27.03748785
"16","mhs","Random",4,1e+06,"mhs_random_4_1000000",25,2348848897.62,12.939000872,3976,1.74745139,50.5,0.98455825208,100220.19,98691.6300719951,14338.0512003827,6.98980556
"17","mhs","Random",4,1.6e+07,"mhs_random_4_16000000",25,2154828379.93,13.015156928,3980,17.42568844,50.5,0.97691047727,183133.15,178951.559562565,2627.34454696815,69.70275376
"18","mhs","Random",4,2e+06,"mhs_random_4_2000000",25,2094118376.67,12.95965467,3977,3.05349522,50.5,0.98127365652,131261.5,128810.330315611,10746.8237661102,12.21398088
"19","mhs","Random",4,4e+06,"mhs_random_4_4000000",25,2118206224.07,12.969611887,3978,5.15019051,50.5,0.97974624037,143856.89,140954.820176168,6983.08585481821,20.60076204
"20","mhs","Random",4,8e+06,"mhs_random_4_8000000",25,2265639574.3,12.984633637,3979,9.21930036,50.5,0.97821732583,158497.53,155059.420170042,4297.98151190727,36.87720144
"21","mhs","Random",5,1e+06,"mhs_random_5_1000000",25,2043553812.28,12.941394996,3981,1.93484327,50.5,0.98434414681,123043.82,121153.110457618,12718.737678427,9.67421635
"22","mhs","Random",5,1.6e+07,"mhs_random_5_16000000",25,2129941000.12,13.007832788,3985,17.81843732,50.5,0.97675067176,236274.98,230890.75934537,2652.02807358193,89.0921866
"23","mhs","Random",5,2e+06,"mhs_random_5_2000000",25,1943750130.37,12.959593671,3982,3.25641075,50.5,0.98060624477,165120.85,161941.740250483,10141.2790140187,16.28205375
"24","mhs","Random",5,4e+06,"mhs_random_5_4000000",25,2238488859.15,12.969072201,3983,5.41622318,50.5,0.97904993419,184404.54,180599.240649344,6809.34052647365,27.0811159
"25","mhs","Random",5,8e+06,"mhs_random_5_8000000",25,2207494482.92,12.983522253,3984,9.56832731,50.5,0.97774302121,205446.99,200971.870319374,4294.31358990582,47.84163655
"26","mhs","Random",6,1e+06,"mhs_random_6_1000000",25,2292382146.82,12.949267237,3986,2.09766574,50.5,0.98471728332,150929.02,148662.699873861,11991.8231904129,12.58599444
"27","mhs","Random",6,1.6e+07,"mhs_random_6_16000000",25,2334410918.5,13.016829246,3990,18.02482933,50.5,0.97762887067,271311.03,265353.299441672,2508.67867718113,108.14897598
"28","mhs","Random",6,2e+06,"mhs_random_6_2000000",25,2214457597.39,12.965065249,3987,3.51553219,50.5,0.98160896417,196737.52,193155.180040366,9327.06199076694,21.09319314
"29","mhs","Random",6,4e+06,"mhs_random_6_4000000",25,2009979294.51,12.975211223,3988,5.65203362,50.5,0.98005158662,217491.26,213191.200339808,6413.36300708936,33.91220172
"30","mhs","Random",6,8e+06,"mhs_random_6_8000000",25,1917260244.19,12.988218563,3989,9.8237161,50.5,0.9789371991,238283.04,233337.409990165,4042.64940026107,58.9422966
"31","mhs","Random",7,1e+06,"mhs_random_7_1000000",25,2244258526.91,12.944722581,3991,2.23417937,50.5,0.98536797104,166120.82,163735.609361004,10622.0413781216,15.63925559
"32","mhs","Random",7,1.6e+07,"mhs_random_7_16000000",25,2172403088.72,13.005824408,3995,18.384563,50.5,0.97843299448,317058.84,310385.500493852,2463.70392377562,128.691941
"33","mhs","Random",7,2e+06,"mhs_random_7_2000000",25,2120815229.41,12.963954714,3992,3.70348234,50.5,0.98162469865,233209.16,228975.000176044,8995.74811681545,25.92437638
"34","mhs","Random",7,4e+06,"mhs_random_7_4000000",25,2095535065.24,12.972049948,3993,5.95483197,50.5,0.98024372936,258531.82,253480.459951787,6202.2097901206,41.68382379
"35","mhs","Random",7,8e+06,"mhs_random_7_8000000",25,1911677959.42,12.982635178,3994,10.09561385,50.5,0.97957162558,281160.7,275538.800083441,3978.54106570392,70.66929695
"36","mhs","Random",8,1e+06,"mhs_random_8_1000000",25,2177886923.68,12.955794426,3996,2.42684761,50.5,0.98632620397,201268.91,198534.720000571,10366.787616302,19.41478088
"37","mhs","Random",8,1.6e+07,"mhs_random_8_16000000",25,2262090935.59,13.032208611,4000,18.59303027,50.5,0.9789629787,348944.19,341712.059398483,2345.9341009291,148.74424216
"38","mhs","Random",8,2e+06,"mhs_random_8_2000000",25,2198395283.28,12.969195942,3997,3.93110572,50.5,0.98348315535,253270.37,249129.739694544,8053.40749014504,31.44884576
"39","mhs","Random",8,4e+06,"mhs_random_8_4000000",25,1993498882.85,12.980642251,3998,6.08414324,50.5,0.98180109262,280096.4,275036.569959654,5754.63933357361,48.67314592
"40","mhs","Random",8,8e+06,"mhs_random_8_8000000",25,2232583769.48,12.998419393,3999,10.30956574,50.5,0.98033335928,304843.21,298914.978784588,3696.12088530123,82.47652592
"41","mhs","Stride",1,1e+06,"mhs_stride_1_1000000",25,2270385256.72,12.836214462,4001,1.17523788,50.5,0.97721386495,22554.72,22093.6100148795,19191.6210188868,1.17523788
"42","mhs","Stride",1,1.6e+07,"mhs_stride_1_16000000",25,2301475554.76,12.966366578,4005,16.3898733,50.5,0.96917955636,50650.6,49220.6698992155,3090.35945994775,16.3898733
"43","mhs","Stride",1,2e+06,"mhs_stride_1_2000000",25,2269676223.7,12.903187591,4002,2.34990185,50.5,0.97273231093,32979.44,32117.0900999681,14034.390415072,2.34990185
"44","mhs","Stride",1,4e+06,"mhs_stride_1_4000000",25,2345337722.61,12.932684325,4003,4.27768699,50.5,0.97113045096,37407.47,36353.4399962403,8744.78896830177,4.27768699
"45","mhs","Stride",1,8e+06,"mhs_stride_1_8000000",25,2192694832.45,12.948928326,4004,8.41167511,50.5,0.97002635478,41627.99,40425.7899790364,4948.8347392913,8.41167511
"46","mhs","Stride",2,1e+06,"mhs_stride_2_1000000",25,2229167340.78,12.864321767,4006,1.36899515,50.5,0.98088045536,43854.04,43084.130023857,16016.8719370554,2.7379903
"47","mhs","Stride",2,1.6e+07,"mhs_stride_2_16000000",25,2175338183.07,12.964771633,4010,16.79095139,50.5,0.97310722535,96999.49,94489.6397708343,2888.44532233501,33.58190278
"48","mhs","Stride",2,2e+06,"mhs_stride_2_2000000",25,2270735626.72,12.922189111,4007,2.49774163,50.5,0.97579132199,66046.53,64503.380088742,13221.2493891932,4.99548326
"49","mhs","Stride",2,4e+06,"mhs_stride_2_4000000",25,2101381308.7,12.935417936,4008,4.6563875,50.5,0.97432802615,74209.92,72343.3900953982,7968.61515498871,9.312775
"50","mhs","Stride",2,8e+06,"mhs_stride_2_8000000",25,2268470077.23,12.948132842,4009,8.65232251,50.5,0.97350082157,83046.27,80890.0801400949,4799.07388472971,17.30464502
"51","mhs","Stride",3,1e+06,"mhs_stride_3_1000000",25,2028475395.77,12.897315318,4011,1.52902933,50.5,0.98125148649,71259.98,70010.8299704282,15534.905839031,4.58708799
"52","mhs","Stride",3,1.6e+07,"mhs_stride_3_16000000",25,2272203547.89,12.978537219,4015,17.13527687,50.5,0.97416161659,145953.46,142326.809988648,2839.23940665998,51.40583061
"53","mhs","Stride",3,2e+06,"mhs_stride_3_2000000",25,2010292367.62,12.937422036,4012,2.79847901,50.5,0.97715484198,98839.39,96644.5501763613,11772.9892615251,8.39543703
"54","mhs","Stride",3,4e+06,"mhs_stride_3_4000000",25,2338343362.3,12.949710762,4013,4.89974525,50.5,0.97541153487,113790.9,111047.010325347,7741.28001858872,14.69923575
"55","mhs","Stride",3,8e+06,"mhs_stride_3_8000000",25,2098609827.86,12.960986274,4014,8.96592357,50.5,0.97477782492,125757.44,122676.990281621,4675.38523381219,26.89777071
"56","mhs","Stride",4,1e+06,"mhs_stride_4_1000000",25,2263498325.93,12.902673018,4016,1.68789908,50.5,0.98227559146,92560.13,90979.2899100815,13709.3696976243,6.75159632
"57","mhs","Stride",4,1.6e+07,"mhs_stride_4_16000000",25,2200059456.15,12.983365161,4020,17.46972721,50.5,0.97445515816,190902.19,186198.159359611,2731.89998483096,69.87890884
"58","mhs","Stride",4,2e+06,"mhs_stride_4_2000000",25,2265421949.71,12.939580888,4017,3.01968698,50.5,0.97817325354,131260.7,128456.510068637,10867.0783486307,12.07874792
"59","mhs","Stride",4,4e+06,"mhs_stride_4_4000000",25,1913353430.44,12.951010189,4018,5.15530002,50.5,0.97624698109,148671.21,145204.569738143,7209.6293825398,20.62120008
"60","mhs","Stride",4,8e+06,"mhs_stride_4_8000000",25,2095872510.07,12.962885825,4019,9.27253956,50.5,0.97521652401,165577.27,161575.9003324,4464.18343455415,37.09015824
"61","mhs","Stride",5,1e+06,"mhs_stride_5_1000000",25,2082274318.23,12.91012639,4021,1.84204705,50.5,0.98276370942,116383.11,114457.089767502,12636.2798387804,9.21023525
"62","mhs","Stride",5,1.6e+07,"mhs_stride_5_16000000",25,2020761610.62,12.984362048,4025,17.75222909,50.5,0.9751197189,232214.61,226578.320148863,2616.17410211103,88.76114545
"63","mhs","Stride",5,2e+06,"mhs_stride_5_2000000",25,2381082674.4,12.944617795,4022,3.246125,50.5,0.97875471767,164539.4,161114.600575078,10137.5886634064,16.230625
"64","mhs","Stride",5,4e+06,"mhs_stride_5_4000000",25,2186527842.99,12.954769908,4023,5.40990875,50.5,0.97680697323,185398.53,181162.329940008,6854.03538460792,27.04954375
"65","mhs","Stride",5,8e+06,"mhs_stride_5_8000000",25,2192882235.06,12.965000915,4024,9.55435769,50.5,0.9759705025,203928.5,199134.209704294,4268.80605932182,47.77178845
"66","mhs","Stride",6,1e+06,"mhs_stride_6_1000000",25,1963316328.83,12.923747117,4026,2.07374887,50.5,0.98254068311,144657.67,142200.519713948,11626.0999658395,12.44249322
"67","mhs","Stride",6,1.6e+07,"mhs_stride_6_16000000",25,2183132693.78,12.982420138,4030,18.06985021,50.5,0.97561940129,273225.66,266705.500311916,2520.08785190699,108.41910126
"68","mhs","Stride",6,2e+06,"mhs_stride_6_2000000",25,2281131389.58,12.948269127,4027,3.50205412,50.5,0.97878473576,196856.48,192745.579780019,9368.61973261948,21.01232472
"69","mhs","Stride",6,4e+06,"mhs_stride_6_4000000",25,2197722721.87,12.956982764,4028,5.67746092,50.5,0.97705273629,221160.33,216149.659752203,6492.34851976753,34.06476552
"70","mhs","Stride",6,8e+06,"mhs_stride_6_8000000",25,2277336920.43,12.965613901,4029,9.81672885,50.5,0.97628758489,241564.91,235932.869457601,4101.24583743936,58.9003731
"71","mhs","Stride",7,1e+06,"mhs_stride_7_1000000",25,1959203448.27,12.927182361,4031,2.16940831,50.5,0.98295053905,158841.78,156211.699815526,10459.8487765279,15.18585817
"72","mhs","Stride",7,1.6e+07,"mhs_stride_7_16000000",25,1959767477.62,12.98829383,4035,18.37796198,50.5,0.97565596462,312125.98,304652.64910184,2426.24431168214,128.64573386
"73","mhs","Stride",7,2e+06,"mhs_stride_7_2000000",25,2053121796.14,12.952441136,4032,3.70331206,50.5,0.97907292072,230429.57,225670.749767133,8888.93765004508,25.92318442
"74","mhs","Stride",7,4e+06,"mhs_stride_7_4000000",25,2257090500.12,12.961059226,4033,5.90034534,50.5,0.97732548116,256556.15,250788.280636636,6211.64973564557,41.30241738
"75","mhs","Stride",7,8e+06,"mhs_stride_7_8000000",25,2296502412.17,12.970597322,4034,10.10035269,50.5,0.97650874135,278840.7,272385.250380762,3943.86086673234,70.70246883
"76","mhs","Stride",8,1e+06,"mhs_stride_8_1000000",25,2149127338.52,12.929373776,4036,2.36970795,50.5,0.98343902947,190625.85,187547.160206663,10055.3451111982,18.9576636
"77","mhs","Stride",8,1.6e+07,"mhs_stride_8_16000000",25,2077655686.08,12.987682717,4040,18.62348371,50.5,0.97649007319,354512.43,346316.360520072,2379.47177016109,148.98786968
"78","mhs","Stride",8,2e+06,"mhs_stride_8_2000000",25,2213972589.95,12.952434085,4037,3.98772027,50.5,0.9800535017,258168.32,253085.820205369,8092.60374725331,31.90176216
"79","mhs","Stride",8,4e+06,"mhs_stride_8_4000000",25,2180039185.38,12.961538399,4038,6.16596762,50.5,0.97809059678,290694.26,284381.379176028,5893.11925384389,49.32774096
"80","mhs","Stride",8,8e+06,"mhs_stride_8_8000000",25,2118178193.96,12.970260167,4039,10.39330604,50.5,0.97733297999,314408.88,307366.940632224,3781.38677421261,83.14644832
"81","mhs","Random",1,1e+06,"mhs_random_1_1000000",50,2249770625.99,6.9974685908,11961,1.15885679,50.5,0.99451672193,27650.63,27500.6999541699,23860.2649081428,1.15885679
"82","mhs","Random",1,1.6e+07,"mhs_random_1_16000000",50,2131585636.55,7.0769400935,11965,16.27773863,50.5,0.97048286258,81733.61,79502.3499969019,5021.18948201836,16.27773863
"83","mhs","Random",1,2e+06,"mhs_random_1_2000000",50,2336635313.14,7.0006395575,11962,2.34724967,50.5,0.9937921059,73835.75,73380.8801389242,31456.2830463621,2.34724967
"84","mhs","Random",1,4e+06,"mhs_random_1_4000000",50,2299896526.08,7.0107055335,11963,4.25690574,50.5,0.99086305559,76387.17,75730.6101468202,17944.2944395569,4.25690574
"85","mhs","Random",1,8e+06,"mhs_random_1_8000000",50,2122062941.29,7.0300471828,11964,8.36915353,50.5,0.98481335938,77770.14,76706.2600784685,9292.47381126727,8.36915353
"86","mhs","Random",2,1e+06,"mhs_random_2_1000000",50,2192138873.63,6.9983336211,11966,1.23652281,50.5,0.99564372303,59375.57,59116.0100763719,24009.0880329171,2.47304562
"87","mhs","Random",2,1.6e+07,"mhs_random_2_16000000",50,2134004436.98,7.1091355853,11970,16.60367884,50.5,0.96244928302,151030.78,145492.739792636,4548.11194119676,33.20735768
"88","mhs","Random",2,2e+06,"mhs_random_2_2000000",50,2220530610.88,7.0035980704,11967,2.46253554,50.5,0.99409771557,133017.81,132246.149652389,27008.3025888024,4.92507108
"89","mhs","Random",2,4e+06,"mhs_random_2_4000000",50,2187888675.26,7.0159696675,11968,4.56170922,50.5,0.99060541213,136624.1,135405.779937609,14975.0996184715,9.12341844
"90","mhs","Random",2,8e+06,"mhs_random_2_8000000",50,2096299339.91,7.0509402749,11969,8.52100443,50.5,0.98011811615,141429.11,138784.609872365,8298.85204038088,17.04200886
"91","mhs","Random",3,1e+06,"mhs_random_3_1000000",50,2082306061.7,6.9990859937,11971,1.32490214,50.5,0.99559388698,94194.17,93780.6399208569,23698.3968239848,3.97470642
"92","mhs","Random",3,1.6e+07,"mhs_random_3_16000000",50,1902930984.62,7.1232817747,11975,16.84651291,50.5,0.9585644001,218881.63,210042.739999312,4330.89884672954,50.53953873
"93","mhs","Random",3,2e+06,"mhs_random_3_2000000",50,2428874759.3,7.0033556798,11972,2.72042224,50.5,0.99432990247,188502.58,187448.520343925,23097.2208686742,8.16126672
"94","mhs","Random",3,4e+06,"mhs_random_3_4000000",50,1995688824.36,7.0189777619,11973,4.71992354,50.5,0.98981795249,195652.83,193760.110277842,13817.5140862557,14.15977062
"95","mhs","Random",3,8e+06,"mhs_random_3_8000000",50,2301795991.89,7.0505462027,11974,8.74749943,50.5,0.98026140634,201833.99,198080.13980819,7691.11186631614,26.24249829
"96","mhs","Random",4,1e+06,"mhs_random_4_1000000",50,2194743498.79,6.9992152644,11976,1.3942738,50.5,0.99589291693,122659.47,122152.879931431,21993.433068885,5.5770952
"97","mhs","Random",4,1.6e+07,"mhs_random_4_16000000",50,2128571097.9,7.1169283105,11980,17.10054969,50.5,0.96060322282,280952.82,270239.960215106,4107.3653346403,68.40219876
"98","mhs","Random",4,2e+06,"mhs_random_4_2000000",50,1945061609.48,7.0039805458,11977,2.92393352,50.5,0.99461722436,244194.11,242904.82951408,20878.9040798711,11.69573408
"99","mhs","Random",4,4e+06,"mhs_random_4_4000000",50,2110538146.92,7.0170762441,11978,4.95022731,50.5,0.99090253356,252227.46,250023.400179868,12738.1756535944,19.80090924
"100","mhs","Random",4,8e+06,"mhs_random_4_8000000",50,1965569796.74,7.0497411823,11979,8.98032175,50.5,0.98116124096,260700.18,256027.179800751,7257.54007644548,35.921287
"101","mhs","Random",5,1e+06,"mhs_random_5_1000000",50,2049417701.91,6.9991008094,11981,1.51737596,50.5,0.99587689341,147793.67,147184.190272211,19480.1649552956,7.5868798
"102","mhs","Random",5,1.6e+07,"mhs_random_5_16000000",50,2452648299.63,7.1097849324,11985,17.29860141,50.5,0.96255422228,348825.02,336136.690499241,4032.98523079849,86.49300705
"103","mhs","Random",5,2e+06,"mhs_random_5_2000000",50,2023662289.32,7.0038645171,11982,3.08016425,50.5,0.99462003056,305035.52,303437.589508084,19806.4450621424,15.40082125
"104","mhs","Random",5,4e+06,"mhs_random_5_4000000",50,2013829202.84,7.0178005461,11983,5.11357476,50.5,0.99059184673,316176.56,313342.599992895,12366.1655432608,25.5678738
"105","mhs","Random",5,8e+06,"mhs_random_5_8000000",50,2253932168.12,7.0483115441,11984,9.18525764,50.5,0.98144733489,325880.28,320129.170305963,7095.7243176469,45.9262882
"106","mhs","Random",6,1e+06,"mhs_random_6_1000000",50,2280923892.83,6.9992147636,11986,1.63800812,50.5,0.99599594474,185122.64,184379.619403019,18836.1540804409,9.82804872
"107","mhs","Random",6,1.6e+07,"mhs_random_6_16000000",50,2177682990.96,7.1068444349,11990,17.46986364,50.5,0.96389178575,407083.1,392912.570418347,3883.66988612244,104.81918184
"108","mhs","Random",6,2e+06,"mhs_random_6_2000000",50,2115710258,7.0031985522,11987,3.28974771,50.5,0.99492681205,354362.87,352586.110496558,17952.8898686682,19.73848626
"109","mhs","Random",6,4e+06,"mhs_random_6_4000000",50,2257922672.65,7.0165957164,11988,5.33907862,50.5,0.99112766267,370489.46,367327.050231389,11565.3369669491,32.03447172
"110","mhs","Random",6,8e+06,"mhs_random_6_8000000",50,2265877551.81,7.0456980853,11989,9.37684338,50.5,0.98238629939,381255.86,374870.630003269,6776.54950160139,56.26106028
"111","mhs","Random",7,1e+06,"mhs_random_7_1000000",50,2085461223.08,6.9992893074,11991,1.71777118,50.5,0.9958490872,194790.62,193987.409646606,16199.6147988531,12.02439826
"112","mhs","Random",7,1.6e+07,"mhs_random_7_16000000",50,2052947171.26,7.1054385423,11995,17.76318542,50.5,0.96405298172,476677.1,459954.111495548,3833.58766805175,124.34229794
"113","mhs","Random",7,2e+06,"mhs_random_7_2000000",50,2164662226.78,7.0037237693,11992,3.47256516,50.5,0.99469179213,417324.4,415126.070588765,17168.2225333884,24.30795612
"114","mhs","Random",7,4e+06,"mhs_random_7_4000000",50,1967970080.11,7.01667665,11993,5.51851276,50.5,0.9910004652,433425.96,429628.059850917,11220.050940992,38.62958932
"115","mhs","Random",7,8e+06,"mhs_random_7_8000000",50,2058391913.98,7.0461311005,11994,9.60724188,50.5,0.98216262278,447095.75,439376.400481263,6648.19541616157,67.25069316
"116","mhs","Random",8,1e+06,"mhs_random_8_1000000",50,2185291649.89,7.000450654,11996,1.83223842,50.5,0.99612401124,243175.9,242232.8602304,16590.0830198725,14.65790736
"117","mhs","Random",8,1.6e+07,"mhs_random_8_16000000",50,2026631794.88,7.1205463171,12000,17.85415893,50.5,0.96140777824,513547.84,494323.339528788,3595.43567701399,142.83327144
"118","mhs","Random",8,2e+06,"mhs_random_8_2000000",50,2346392210,7.0049289888,11997,3.59871636,50.5,0.99488254902,440663.66,438443.179660581,15306.2792367443,28.78973088
"119","mhs","Random",8,4e+06,"mhs_random_8_4000000",50,2025297378.33,7.0208239457,11998,5.63264202,50.5,0.99050344409,462269.23,458045.570668139,10258.7122605743,45.06113616
"120","mhs","Random",8,8e+06,"mhs_random_8_8000000",50,2228071832.92,7.0544061942,11999,9.73753188,50.5,0.9808196038,477935.4,469159.857754162,6135.22253238569,77.90025504
"121","mhs","Stride",1,1e+06,"mhs_stride_1_1000000",50,2269721583.33,6.9977099612,12001,1.11879134,50.5,0.99449725685,30301.76,30132.5899673573,27084.3712465633,1.11879134
"122","mhs","Stride",1,1.6e+07,"mhs_stride_1_16000000",50,2052071060.76,7.0779577881,12005,16.27390194,50.5,0.97031634865,81901.37,79648.4901330498,5032.68179333763,16.27390194
"123","mhs","Stride",1,2e+06,"mhs_stride_1_2000000",50,2372855880.07,7.0002531388,12002,2.34175689,50.5,0.9939497048,73565.58,73117.3799664987,31414.6956561319,2.34175689
"124","mhs","Stride",1,4e+06,"mhs_stride_1_4000000",50,2288062478.52,7.0114726874,12003,4.24195181,50.5,0.99061007143,76446.61,75775.4600801443,18021.5649361656,4.24195181
"125","mhs","Stride",1,8e+06,"mhs_stride_1_8000000",50,2302476243.48,7.0269954301,12004,8.35622013,50.5,0.98582594155,77551.65,76550.7900937062,9280.70931515778,8.35622013
"126","mhs","Stride",2,1e+06,"mhs_stride_2_1000000",50,2416561770.66,6.9978005693,12006,1.21178124,50.5,0.9948695946,56306.14,56012.6797931318,23232.7990157695,2.42356248
"127","mhs","Stride",2,1.6e+07,"mhs_stride_2_16000000",50,2016433169.72,7.0742145394,12010,16.59417903,50.5,0.9709132898,158033.11,153663.350119537,4761.70317658674,33.18835806
"128","mhs","Stride",2,2e+06,"mhs_stride_2_2000000",50,1956701449.73,7.0008674145,12007,2.5019242,50.5,0.99417608382,143685.03,142849.420290803,28714.9047121412,5.0038484
"129","mhs","Stride",2,4e+06,"mhs_stride_2_4000000",50,2160000609.81,7.0086535457,12008,4.59665009,50.5,0.99178621052,147139.98,145969.439825988,16005.131684931,9.19330018
"130","mhs","Stride",2,8e+06,"mhs_stride_2_8000000",50,2171143073.59,7.0318669462,12009,8.53256147,50.5,0.98432587324,151124.88,148890.570009542,8855.77446651551,17.06512294
"131","mhs","Stride",3,1e+06,"mhs_stride_3_1000000",50,2085627503.97,6.9984255694,12011,1.28820581,50.5,0.99505963685,91452.51,91004.2598338692,23664.0525631537,3.86461743
"132","mhs","Stride",3,1.6e+07,"mhs_stride_3_16000000",50,2059121945.85,7.0823226645,12015,16.88071716,50.5,0.96882647457,231135.57,224174.529248599,4564.09459798093,50.64215148
"133","mhs","Stride",3,2e+06,"mhs_stride_3_2000000",50,2341574070.83,7.0006101232,12012,2.73076614,50.5,0.99447886046,203329.31,202200.229931848,24819.5682793499,8.19229842
"134","mhs","Stride",3,4e+06,"mhs_stride_3_4000000",50,2268845679.63,7.0115459011,12013,4.74199224,50.5,0.9912812245,214234.99,212419.490279088,15059.422225738,14.22597672
"135","mhs","Stride",3,8e+06,"mhs_stride_3_8000000",50,2165849295.37,7.0325011588,12014,8.82671916,50.5,0.98468447033,219311.32,216098.589939209,8282.10029210144,26.48015748
"136","mhs","Stride",4,1e+06,"mhs_stride_4_1000000",50,2070679275.84,6.9983746521,12016,1.38291618,50.5,0.99520985606,115863.53,115306.639911424,20945.508425536,5.53166472
"137","mhs","Stride",4,1.6e+07,"mhs_stride_4_16000000",50,2234203663.27,7.0814273979,12020,17.1320333,50.5,0.96957905475,300480.41,291685.469310368,4384.7744855831,68.5281332
"138","mhs","Stride",4,2e+06,"mhs_stride_4_2000000",50,2003303802.97,7.001259585,12017,2.98391958,50.5,0.99461551608,268072.59,266632.209260055,22459.7700116301,11.93567832
"139","mhs","Stride",4,4e+06,"mhs_stride_4_4000000",50,2200535455.96,7.0107361364,12018,5.00321049,50.5,0.99179426009,278730.81,276515.869481556,13927.597617425,20.01284196
"140","mhs","Stride",4,8e+06,"mhs_stride_4_8000000",50,2305905716,7.0349295467,12019,9.06940873,50.5,0.98419686137,286128.91,281819.069405774,7887.19856272262,36.27763492
"141","mhs","Stride",5,1e+06,"mhs_stride_5_1000000",50,1987799152.27,6.998820677,12021,1.48784281,50.5,0.9954230279,149062.46,148371.649814604,20037.3936007393,7.43921405
"142","mhs","Stride",5,1.6e+07,"mhs_stride_5_16000000",50,2113056363.77,7.0823911763,12025,17.33253974,50.5,0.96966650964,369611.18,358802.450228742,4264.93965159661,86.6626987
"143","mhs","Stride",5,2e+06,"mhs_stride_5_2000000",50,2150621067.45,7.0014389367,12022,3.1586578,50.5,0.99474706052,327502.18,325789.381053456,20736.7939635626,15.793289
"144","mhs","Stride",5,4e+06,"mhs_stride_5_4000000",50,2321862690.68,7.0126453161,12023,5.17939668,50.5,0.99153098462,342447.71,339652.281309702,13223.4594551271,25.8969834
"145","mhs","Stride",5,8e+06,"mhs_stride_5_8000000",50,2175683600.84,7.0353071973,12024,9.27874772,50.5,0.9845521838,351096.99,345913.671290611,7567.76669858635,46.3937386
"146","mhs","Stride",6,1e+06,"mhs_stride_6_1000000",50,2133064046.31,6.9987150049,12026,1.65208514,50.5,0.99552001536,187907.41,187062.129818914,18956.5906189718,9.91251084
"147","mhs","Stride",6,1.6e+07,"mhs_stride_6_16000000",50,2296668442.63,7.0812391712,12030,17.53061538,50.5,0.97007578847,436245.82,423607.640214349,4147.46630911862,105.18369228
"148","mhs","Stride",6,2e+06,"mhs_stride_6_2000000",50,1935725680.34,7.0015606163,12027,3.35468675,50.5,0.99488486107,388053.49,386073.620084597,19279.1716444663,20.1281205
"149","mhs","Stride",6,4e+06,"mhs_stride_6_4000000",50,1927386721.22,7.0120456989,12028,5.43666015,50.5,0.99183112261,404726.7,401503.408529629,12407.3324686297,32.6199609
"150","mhs","Stride",6,8e+06,"mhs_stride_6_8000000",50,2341711576.68,7.0355892853,12029,9.48393621,50.5,0.98450814839,415120.82,408921.370047869,7295.15696872589,56.90361726
"151","mhs","Stride",7,1e+06,"mhs_stride_7_1000000",50,2108847642.44,6.9984856655,12031,1.62948542,50.5,0.99569324075,191604.54,190774.340125644,16797.9883752855,11.40639794
"152","mhs","Stride",7,1.6e+07,"mhs_stride_7_16000000",50,2082296352.66,7.077042894,12035,17.76359276,50.5,0.97151021364,501459.65,487554.3699478,4032.80427698472,124.34514932
"153","mhs","Stride",7,2e+06,"mhs_stride_7_2000000",50,2169778132.25,7.0013820126,12032,3.53469903,50.5,0.99506194176,447529.21,445314.439471032,18087.1818910461,24.74289321
"154","mhs","Stride",7,4e+06,"mhs_stride_7_4000000",50,2017943922.77,7.0110468915,12033,5.6011473,50.5,0.99222593427,467086.86,463517.110406188,11913.0404382892,39.2080311
"155","mhs","Stride",7,8e+06,"mhs_stride_7_8000000",50,2192625076.47,7.0333161876,12034,9.66411386,50.5,0.98539579874,478307.26,471523.499942251,7070.44738517066,67.64879702
"156","mhs","Stride",8,1e+06,"mhs_stride_8_1000000",50,2163393299.68,6.9987677047,12036,1.8402819,50.5,0.99578372116,246570.16,245531.79980754,16748.1242955223,14.7222552
"157","mhs","Stride",8,1.6e+07,"mhs_stride_8_16000000",50,2192179482.48,7.0760672137,12040,17.98637469,50.5,0.97205458108,563456.38,548076.440492348,3915.85568042005,143.89099752
"158","mhs","Stride",8,2e+06,"mhs_stride_8_2000000",50,2202276986.26,7.0012470053,12037,3.75379174,50.5,0.99521649292,499662.85,497259.150028006,16638.6045300425,30.03033392
"159","mhs","Stride",8,4e+06,"mhs_stride_8_4000000",50,2024806831.27,7.01100193,12038,5.82482543,50.5,0.99239923835,525557.68,521617.031302293,11278.3998060522,46.59860344
"160","mhs","Stride",8,8e+06,"mhs_stride_8_8000000",50,2309945671.16,7.0327535966,12039,9.88711726,50.5,0.98566831949,537816.94,530294.920510755,6799.46598509341,79.09693808
"161","mhs","Random",1,1e+06,"mhs_random_1_1000000",75,2032010046.72,4.9416526084,19961,1.14518708,50.5,0.77819144547,33464.78,25983.4599921768,29222.107535478,1.14518708
"162","mhs","Random",1,1.6e+07,"mhs_random_1_16000000",75,2245253485.51,4.9759282639,19965,16.24420371,50.5,0.77044534324,92687.52,71509.0100072987,5705.88264310803,16.24420371
"163","mhs","Random",1,2e+06,"mhs_random_1_2000000",75,2172725919.88,4.9528878023,19962,2.15312815,50.5,0.77525613903,42178.84,32730.2400845485,19589.5632129467,2.15312815
"164","mhs","Random",1,4e+06,"mhs_random_1_4000000",75,1964838796.6,4.9596111157,19963,4.14230403,50.5,0.77380172487,51508.75,39894.209946565,12434.8067227697,4.14230403
"165","mhs","Random",1,8e+06,"mhs_random_1_8000000",75,1998927877.08,4.9672910498,19964,8.23220153,50.5,0.77207831679,67503.93,52163.1198329272,8199.9851138241,8.23220153
"166","mhs","Random",2,1e+06,"mhs_random_2_1000000",75,2082450503.19,4.9673471834,19966,1.21488457,50.5,0.77217171969,71437.12,55198.5199914393,29400.7849651099,2.42976914
"167","mhs","Random",2,1.6e+07,"mhs_random_2_16000000",75,2137120485.59,5.0321769909,19970,16.55812104,50.5,0.73591070409,182967.78,134609.949118365,5525.01638193122,33.11624208
"168","mhs","Random",2,2e+06,"mhs_random_2_2000000",75,2222455590.71,4.9779217147,19967,2.27825665,50.5,0.76935646176,114192.99,87954.2899905138,25061.4850613955,4.5565133
"169","mhs","Random",2,4e+06,"mhs_random_2_4000000",75,2351301889.37,4.9868692402,19968,4.41503906,50.5,0.76436252002,127558.44,97547.1199595612,14445.9016405622,8.83007812
"170","mhs","Random",2,8e+06,"mhs_random_2_8000000",75,1957718902.8,5.0079133889,19969,8.40283205,50.5,0.75099602464,150671.04,113141.709374197,8965.49158090099,16.8056641
"171","mhs","Random",3,1e+06,"mhs_random_3_1000000",75,2257281713.94,4.9733044859,19971,1.28107929,50.5,0.77373641073,113442.93,87804.9596236621,29517.5406355995,3.84323787
"172","mhs","Random",3,1.6e+07,"mhs_random_3_16000000",75,2267753885.89,5.0266411257,19975,16.75244468,50.5,0.7420971316,256357.34,190261.800837796,5100.89412613817,50.25733404
"173","mhs","Random",3,2e+06,"mhs_random_3_2000000",75,2348493693.25,4.9800697613,19972,2.4933374,50.5,0.77113768995,170788.64,131993.570356501,22832.6686419041,7.4800122
"174","mhs","Random",3,4e+06,"mhs_random_3_4000000",75,2117653075,4.9881695698,19973,4.50223711,50.5,0.76635241805,189026.31,145124.840187571,13994.991481024,13.50671133
"175","mhs","Random",3,8e+06,"mhs_random_3_8000000",75,2044641462.29,5.0022542143,19974,8.61273821,50.5,0.75751518311,213146.53,161615.960516394,8249.27469069483,25.83821463
"176","mhs","Random",4,1e+06,"mhs_random_4_1000000",75,2157875192.8,4.9771162125,19976,1.40058889,50.5,0.7703546858,153108.86,117992.710154229,27329.3721471687,5.60235556
"177","mhs","Random",4,1.6e+07,"mhs_random_4_16000000",75,2088620567.99,5.0402611877,19980,17.00916775,50.5,0.73271914901,344773.76,252612.028698094,5067.46957093183,68.036671
"178","mhs","Random",4,2e+06,"mhs_random_4_2000000",75,2084319965.67,4.9844439985,19977,2.70473283,50.5,0.76801701547,247603.01,190602.849254852,22886.0876066639,10.81893132
"179","mhs","Random",4,4e+06,"mhs_random_4_4000000",75,2028406178.42,4.9923817824,19978,4.76629444,50.5,0.76349843556,269361.42,206001.690233702,14128.4504865797,19.06517776
"180","mhs","Random",4,8e+06,"mhs_random_4_8000000",75,2224430948.81,5.0113699151,19979,8.86684334,50.5,0.7511514014,297800.16,223906.530343941,8396.4537485558,35.46737336
"181","mhs","Random",5,1e+06,"mhs_random_5_1000000",75,2017033898.91,4.9773451136,19981,1.4868068,50.5,0.77177577974,181313,139950.479994859,24389.5844436547,7.434034
"182","mhs","Random",5,1.6e+07,"mhs_random_5_16000000",75,2101620416.88,5.0357103871,19985,17.14743879,50.5,0.73605601128,401538.86,295507.100850307,4683.36834343061,85.73719395
"183","mhs","Random",5,2e+06,"mhs_random_5_2000000",75,2169619621.72,4.9841601418,19982,2.83300168,50.5,0.76893784522,301507.86,232432.210031112,21285.3993083407,14.1650084
"184","mhs","Random",5,4e+06,"mhs_random_5_4000000",75,1955914868.21,4.9919322153,19983,4.89289241,50.5,0.76448976451,324064.89,248226.969831306,13246.3525802318,24.46446205
"185","mhs","Random",5,8e+06,"mhs_random_5_8000000",75,2218438045.87,5.0068875835,19984,9.00263052,50.5,0.75494474592,355036.28,268240.31002112,7887.3897848248,45.0131526
"186","mhs","Random",6,1e+06,"mhs_random_6_1000000",75,2111191868.66,4.9796606111,19986,1.58365678,50.5,0.77205106258,229696.15,177339.339373697,24173.6038705727,9.50194068
"187","mhs","Random",6,1.6e+07,"mhs_random_6_16000000",75,2001220159.08,5.045624204,19990,17.38113438,50.5,0.73097281513,494240.82,361349.479162547,4739.24590875869,104.28680628
"188","mhs","Random",6,2e+06,"mhs_random_6_2000000",75,2079385827.72,4.9868668988,19987,3.08948219,50.5,0.76858952759,380533.54,293131.231174416,20528.4422327959,18.53689314
"189","mhs","Random",6,4e+06,"mhs_random_6_4000000",75,2197754256.02,4.9946823971,19988,5.1474323,50.5,0.76398395656,412602.01,315755.889418796,13359.4766592009,30.8845938
"190","mhs","Random",6,8e+06,"mhs_random_6_8000000",75,2187182987.25,5.012934074,19989,9.25449208,50.5,0.75214620652,443706.41,334089.349533229,7990.82950139964,55.52695248
"191","mhs","Random",7,1e+06,"mhs_random_7_1000000",75,2158226811.65,4.9794853021,19991,1.67991798,50.5,0.77255043858,250607.49,193657.19995005,21311.2011575708,11.75942586
"192","mhs","Random",7,1.6e+07,"mhs_random_7_16000000",75,1971569085.16,5.0411850787,19995,17.54638902,50.5,0.73430739284,549833.98,403925.859334829,4476.57414520104,122.82472314
"193","mhs","Random",7,2e+06,"mhs_random_7_2000000",75,1941569663.33,4.9868036841,19992,3.18346443,50.5,0.76909106611,438903.13,338371.609254067,19695.6644314877,22.28425101
"194","mhs","Random",7,4e+06,"mhs_random_7_4000000",75,2181736764.99,4.9938339667,19993,5.25695862,50.5,0.76482825157,465019.77,356307.419821204,12636.8496532479,36.79871034
"195","mhs","Random",7,8e+06,"mhs_random_7_8000000",75,2267420598.69,5.0110186098,19994,9.36845533,50.5,0.75386957822,499957.15,377326.540022052,7623.71676911225,65.57918731
"196","mhs","Random",8,1e+06,"mhs_random_8_1000000",75,2364843967.72,4.9822550675,19996,1.7788164,50.5,0.7722531063,306542.8,236736.920560332,21541.2057140917,14.2305312
"197","mhs","Random",8,1.6e+07,"mhs_random_8_16000000",75,2357937444.43,5.0453176976,20000,17.84300547,50.5,0.73150655571,678154.28,496631.870422706,4750.84117092971,142.74404376
"198","mhs","Random",8,2e+06,"mhs_random_8_2000000",75,2052092081.73,4.989325418,19997,3.5291649,50.5,0.76821013511,544628.19,419339.549991455,19290.2643200379,28.2333192
"199","mhs","Random",8,4e+06,"mhs_random_8_4000000",75,1915401146.13,4.996512661,19998,5.5995991,50.5,0.76370679794,590904.95,452297.911684387,13190.7869529445,44.7967928
"200","mhs","Random",8,8e+06,"mhs_random_8_8000000",75,2268555075.05,5.0131269111,19999,9.75405207,50.5,0.75275908355,624473.36,470951.658249779,8002.74280266375,78.03241656
"201","mhs","Stride",1,1e+06,"mhs_stride_1_1000000",75,2111614398.43,4.9397968961,20001,1.11788167,50.5,0.7788742882,33195.56,25810.7400390762,29695.0570805942,1.11788167
"202","mhs","Stride",1,1.6e+07,"mhs_stride_1_16000000",75,2025220499.36,4.975450325,20005,16.22617207,50.5,0.77093439342,92955.44,71761.4199526403,5728.73500903285,16.22617207
"203","mhs","Stride",1,2e+06,"mhs_stride_1_2000000",75,1989669402.73,4.9523346135,20002,2.14382918,50.5,0.77536285932,41722.74,32382.0398628326,19461.7837975319,2.14382918
"204","mhs","Stride",1,4e+06,"mhs_stride_1_4000000",75,2441339894.29,4.9597243787,20003,4.1148618,50.5,0.77382475737,51601.11,39965.1300437691,12540.1805717995,4.1148618
"205","mhs","Stride",1,8e+06,"mhs_stride_1_8000000",75,2207617115.49,4.9673036522,20004,8.2307168,50.5,0.77213811868,66892.86,51678.2801477238,8127.2216777037,8.2307168
"206","mhs","Stride",2,1e+06,"mhs_stride_2_1000000",75,2065117901.78,4.9624796913,20006,1.21925337,50.5,0.77467447518,69703.58,54017.5500525948,28584.5344844116,2.43850674
"207","mhs","Stride",2,1.6e+07,"mhs_stride_2_16000000",75,2128515581.36,4.9847319362,20010,16.47241608,50.5,0.76819937044,164580.41,126280.289893836,4995.6366206602,32.94483216
"208","mhs","Stride",2,2e+06,"mhs_stride_2_2000000",75,1949155422.53,4.9668815277,20007,2.23428327,50.5,0.77400732513,93287.47,72332.9902657164,20876.3748206377,4.46856654
"209","mhs","Stride",2,4e+06,"mhs_stride_2_4000000",75,1927891877.25,4.9708268265,20008,4.33102953,50.5,0.77353691399,106884.66,82797.3997439582,12339.4055916308,8.66205906
"210","mhs","Stride",2,8e+06,"mhs_stride_2_8000000",75,2150254237.86,4.9779083635,20009,8.35677538,50.5,0.77133327061,134898.43,104031.809924367,8071.20114313758,16.71355076
"211","mhs","Stride",3,1e+06,"mhs_stride_3_1000000",75,2481781237.91,4.9701623105,20011,1.26759483,50.5,0.77492246866,110087.63,85357.5200248052,28949.2161045392,3.80278449
"212","mhs","Stride",3,1.6e+07,"mhs_stride_3_16000000",75,2049962987.76,4.9912015393,20015,16.63097069,50.5,0.76456188558,228505.74,174141.479720667,4579.92389138171,49.89291207
"213","mhs","Stride",3,2e+06,"mhs_stride_3_2000000",75,2380570907.78,4.9708763743,20012,2.38677319,50.5,0.77506986554,138254.74,107329.650019992,19308.4594407286,7.16031957
"214","mhs","Stride",3,4e+06,"mhs_stride_3_4000000",75,1923967880.65,4.9751447868,20013,4.43805453,50.5,0.77329291162,157245.23,121643.51992389,11810.3723855477,13.31416359
"215","mhs","Stride",3,8e+06,"mhs_stride_3_8000000",75,2458130509.87,4.9814037707,20014,8.51067072,50.5,0.77011797369,181771.54,139802.340020622,7119.35819475969,25.53201216
"216","mhs","Stride",4,1e+06,"mhs_stride_4_1000000",75,2087329472.4,4.9734889739,20016,1.386919,50.5,0.77401968892,144104.75,111594.279680716,25975.6968503568,5.547676
"217","mhs","Stride",4,1.6e+07,"mhs_stride_4_16000000",75,2067610465.33,4.9988179539,20020,16.82961754,50.5,0.7608653343,290826.94,220423.379623652,4320.16561441122,67.31847016
"218","mhs","Stride",4,2e+06,"mhs_stride_4_2000000",75,2218882035.01,4.9741451121,20017,2.5395666,50.5,0.77411024207,188424.17,146062.769795765,18548.8510126098,10.1582664
"219","mhs","Stride",4,4e+06,"mhs_stride_4_4000000",75,2012664515.39,4.97842135,20018,4.57268491,50.5,0.77219551267,206309.33,159319.530713019,11279.4416224056,18.29073964
"220","mhs","Stride",4,8e+06,"mhs_stride_4_8000000",75,2235708770.25,4.9868343155,20019,8.68537538,50.5,0.76758461715,242147.25,185379.749947558,6969.97076711266,34.74150152
"221","mhs","Stride",5,1e+06,"mhs_stride_5_1000000",75,2301538707.49,4.9755600784,20021,1.48150167,50.5,0.77337041319,183074.31,141612.600259117,24714.6950566718,7.40750835
"222","mhs","Stride",5,1.6e+07,"mhs_stride_5_16000000",75,2127648262.97,5.012194982,20025,16.98882376,50.5,0.75199661912,355127.75,266258.950098306,4180.7220442906,84.9441188
"223","mhs","Stride",5,2e+06,"mhs_stride_5_2000000",75,2062980641.48,4.9774773927,20022,2.67600883,50.5,0.77279358566,247216.14,191270.230268741,18476.4816340311,13.38004415
"224","mhs","Stride",5,4e+06,"mhs_stride_5_4000000",75,2122044237.02,4.9828813364,20023,4.74955796,50.5,0.77015085102,270225.03,208073.340418479,11378.9549375243,23.7477898
"225","mhs","Stride",5,8e+06,"mhs_stride_5_8000000",75,2210140734.78,4.9938862652,20024,8.85472846,50.5,0.76334441363,302712.65,230658.030182488,6837.31074007435,44.2736423
"226","mhs","Stride",6,1e+06,"mhs_stride_6_1000000",75,2123892453.52,4.977001734,20026,1.61449418,50.5,0.77313706164,223344.31,172739.110761591,23056.1696212907,9.68696508
"227","mhs","Stride",6,1.6e+07,"mhs_stride_6_16000000",75,2330593693.79,5.0196656128,20030,17.18559694,50.5,0.74724752601,423728.97,315884.060679003,4109.34198250782,103.11358164
"228","mhs","Stride",6,2e+06,"mhs_stride_6_2000000",75,2250509521.13,4.9802762601,20027,2.8979255,50.5,0.7722611576,312908.13,241941.640811772,17996.0992786046,17.387553
"229","mhs","Stride",6,4e+06,"mhs_stride_6_4000000",75,2140985139.46,4.9856557795,20028,4.94693318,50.5,0.76921964531,338075.69,260164.851558127,11390.076696636,29.68159908
"230","mhs","Stride",6,8e+06,"mhs_stride_6_8000000",75,2280039035.72,4.9986123606,20029,9.07485177,50.5,0.76071489747,372178.08,282843.250172244,6835.33809390255,54.44911062
"231","mhs","Stride",7,1e+06,"mhs_stride_7_1000000",75,2032622551.7,4.9781869219,20031,1.66591221,50.5,0.77345374287,254568,196985.960100732,21829.9961573948,11.66138547
"232","mhs","Stride",7,1.6e+07,"mhs_stride_7_16000000",75,2121179714.17,5.0258778484,20035,17.37850922,50.5,0.74403555037,497812.89,369575.290053356,4092.18801466661,121.64956454
"233","mhs","Stride",7,2e+06,"mhs_stride_7_2000000",75,2151546155.16,4.982277136,20032,3.03064379,50.5,0.77207168042,382021.65,295433.549638558,18007.567107902,21.21450653
"234","mhs","Stride",7,4e+06,"mhs_stride_7_4000000",75,2178533130.96,4.9878985072,20033,5.10974585,50.5,0.76882092117,408049.04,314025.790627571,11408.1446927541,35.76822095
"235","mhs","Stride",7,8e+06,"mhs_stride_7_8000000",75,1951416584.29,5.0020344593,20034,9.22527089,50.5,0.75962767965,443194.72,336577.510006303,6863.05390741447,64.57689623
"236","mhs","Stride",8,1e+06,"mhs_stride_8_1000000",75,2243830375.89,4.979676051,20036,1.81799542,50.5,0.77288222909,302851.53,234128.610187839,20823.1774588299,14.54396336
"237","mhs","Stride",8,1.6e+07,"mhs_stride_8_16000000",75,2217943353.7,5.0311042741,20040,17.58261729,50.5,0.74120057348,578558.08,427951.658810359,4113.13963144335,140.66093832
"238","mhs","Stride",8,2e+06,"mhs_stride_8_2000000",75,2290596205.29,4.9836642359,20037,3.24773307,50.5,0.77160629632,449971.27,347861.809731169,17318.6673712689,25.98186456
"239","mhs","Stride",8,4e+06,"mhs_stride_8_4000000",75,1940205546.72,4.9895231391,20038,5.29767876,50.5,0.76805188477,480038.47,369217.809605162,11326.6227471293,42.38143008
"240","mhs","Stride",8,8e+06,"mhs_stride_8_8000000",75,2110816980.86,5.0044440848,20039,9.4193572,50.5,0.7583817023,518525.21,393346.139467374,6881.11193511167,75.3548576
